frame,tic,calls,normal,subtractive,additive,mapped_bytes,mapped_writes,reused_classes,zero_revision_classes,packing_calls,packing_hits,packing_fallbacks,no_context_fallbacks,packing_mismatches,buffer_mismatches
6,1,840,42775,6698,0,3971280,2520,0,0,49688,0,0,0,0,1678
7,2,840,42775,6698,0,3971280,2520,0,0,49688,0,0,0,0,1680
8,3,840,42775,6698,0,3971280,2520,0,0,49688,0,0,0,0,1680
9,4,840,42775,6698,0,3971280,2520,0,0,49688,0,0,0,0,1680
10,5,840,42775,6698,0,3971280,2520,0,0,49688,0,0,0,0,1680
11,6,840,42775,6698,0,3971280,2520,0,0,49688,0,0,0,0,1680
12,7,840,42775,6698,0,3971280,2520,0,0,49688,0,0,0,0,1680
13,8,840,42775,6698,0,3971280,2520,0,0,49688,0,0,0,0,1680
14,9,840,42775,6698,0,3971280,2520,0,0,49688,0,0,0,0,1680
15,10,840,42775,6698,0,3971280,2520,0,0,49688,0,0,0,0,1680
16,11,840,42775,6698,0,3971280,2520,0,0,49688,0,0,0,0,1680
17,12,840,42775,6698,0,3971280,2520,0,0,49688,0,0,0,0,1680
18,13,840,42775,6698,0,3971280,2520,0,0,49688,0,0,0,0,1680
19,14,840,42775,6698,0,3971280,2520,0,0,49688,0,0,0,0,1680
20,15,840,42775,6698,0,3971280,2520,0,0,49688,0,0,0,0,1680
21,16,840,42775,6698,0,3971280,2520,0,0,49688,0,0,0,0,1680
22,17,840,42775,6698,0,3971280,2520,0,0,49688,0,0,0,0,1680
23,18,840,42775,6698,0,3971280,2520,0,0,49688,0,0,0,0,1680
24,19,840,42775,6698,0,3971280,2520,0,0,49688,0,0,0,0,1680
25,20,840,42775,6698,0,3971280,2520,0,0,49688,0,0,0,0,1680
26,21,840,42775,6698,0,3971280,2520,0,0,49688,0,0,0,0,1680
27,22,840,42775,6698,0,3971280,2520,0,0,49688,0,0,0,0,1680
28,23,840,42775,6698,0,3971280,2520,0,0,49688,0,0,0,0,1680
29,24,840,42775,6698,0,3971280,2520,0,0,49688,0,0,0,0,1680
30,25,840,42775,6698,0,3971280,2520,0,0,49688,0,0,0,0,1680
31,26,840,42775,6698,0,3971280,2520,0,0,49688,0,0,0,0,1680
32,27,840,42775,6698,0,3971280,2520,0,0,49688,0,0,0,0,1680
33,28,840,42775,6698,0,3971280,2520,0,0,49688,0,0,0,0,1680
34,29,840,42775,6698,0,3971280,2520,0,0,49688,0,0,0,0,1680
35,30,840,42775,6698,0,3971280,2520,0,0,49688,0,0,0,0,1680
36,31,840,42775,6698,0,3971280,2520,0,0,49688,0,0,0,0,1680
37,32,840,42775,6698,0,3971280,2520,0,0,49688,0,0,0,0,1680
38,33,840,42775,6698,0,3971280,2520,0,0,49688,0,0,0,0,1680
39,34,840,42775,6698,0,3971280,2520,0,0,49688,0,0,0,0,1680
40,35,840,42775,6698,0,3971280,2520,0,0,49688,0,0,0,0,1680
41,36,840,42775,6698,0,3971280,2520,0,0,49688,0,0,0,0,1680
42,37,840,42775,6698,0,3971280,2520,0,0,49688,0,0,0,0,1680
43,38,840,42775,6698,0,3971280,2520,0,0,49688,0,0,0,0,1680
44,39,840,42775,6698,0,3971280,2520,0,0,49688,0,0,0,0,1680
45,40,840,42775,6698,0,3971280,2520,0,0,49688,0,0,0,0,1680
46,41,840,42775,6698,0,3971280,2520,0,0,49688,0,0,0,0,1680
47,42,840,42775,6698,0,3971280,2520,0,0,49688,0,0,0,0,1680
48,43,840,42775,6698,0,3971280,2520,0,0,49688,0,0,0,0,1680
49,44,840,42775,6698,0,3971280,2520,0,0,49688,0,0,0,0,1680
50,45,840,42775,6698,0,3971280,2520,0,0,49688,0,0,0,0,1680
51,46,840,42775,6698,0,3971280,2520,0,0,49688,0,0,0,0,1680
52,55,840,42775,6698,0,3971280,2520,0,0,49688,0,0,0,0,1680
53,56,840,42775,6698,0,3971280,2520,0,0,49688,0,0,0,0,1680
54,57,840,42775,6698,0,3971280,2520,0,0,49688,0,0,0,0,1680
55,58,840,42775,6698,0,3971280,2520,0,0,49688,0,0,0,0,1680
56,59,840,42775,6698,0,3971280,2520,0,0,49688,0,0,0,0,1680
57,60,840,42775,6698,0,3971280,2520,0,0,49688,0,0,0,0,1680
58,61,840,42775,6698,0,3971280,2520,0,0,49688,0,0,0,0,1680
59,62,840,42775,6698,0,3971280,2520,0,0,49688,0,0,0,0,1680
60,63,840,42775,6698,0,3971280,2520,0,0,49688,0,0,0,0,1680
61,64,840,42775,6698,0,3971280,2520,0,0,49688,0,0,0,0,1680
62,65,840,42775,6698,0,3971280,2520,0,0,49688,0,0,0,0,1680
63,66,840,42775,6698,0,3971280,2520,0,0,49688,0,0,0,0,1680
64,67,840,42775,6698,0,3971280,2520,0,0,49688,0,0,0,0,1680
65,68,840,42775,6698,0,3971280,2520,0,0,49688,0,0,0,0,1680
66,69,840,42775,6698,0,3971280,2520,0,0,49688,0,0,0,0,1680
67,70,840,42775,6698,0,3971280,2520,0,0,49688,0,0,0,0,1680
68,71,840,42775,6698,0,3971280,2520,0,0,49688,0,0,0,0,1680
69,72,840,42775,6698,0,3971280,2520,0,0,49688,0,0,0,0,1680
70,73,840,42775,6698,0,3971280,2520,0,0,49688,0,0,0,0,1680
71,74,840,42775,6698,0,3971280,2520,0,0,49688,0,0,0,0,1680
72,75,840,42775,6698,0,3971280,2520,0,0,49688,0,0,0,0,1680
73,76,840,42775,6698,0,3971280,2520,0,0,49688,0,0,0,0,1680
74,77,840,42775,6698,0,3971280,2520,0,0,49688,0,0,0,0,1680
75,78,840,42775,6698,0,3971280,2520,0,0,49688,0,0,0,0,1680
76,79,840,42775,6698,0,3971280,2520,0,0,49688,0,0,0,0,1680
77,80,840,42775,6698,0,3971280,2520,0,0,49688,0,0,0,0,1680
78,81,840,42775,6698,0,3971280,2520,0,0,49688,0,0,0,0,1680
79,82,840,42775,6698,0,3971280,2520,0,0,49688,0,0,0,0,1680
80,83,840,42775,6698,0,3971280,2520,0,0,49688,0,0,0,0,1680
81,84,840,42775,6698,0,3971280,2520,0,0,49688,0,0,0,0,1680
82,85,840,42775,6698,0,3971280,2520,0,0,49688,0,0,0,0,1680
83,86,840,42775,6698,0,3971280,2520,0,0,49688,0,0,0,0,1680
84,87,840,42775,6698,0,3971280,2520,0,0,49688,0,0,0,0,1680
85,88,840,42775,6698,0,3971280,2520,0,0,49688,0,0,0,0,1680
86,89,840,42775,6698,0,3971280,2520,0,0,49688,0,0,0,0,1680
87,90,840,42775,6698,0,3971280,2520,0,0,49688,0,0,0,0,1680
88,91,840,42775,6698,0,3971280,2520,0,0,49688,0,0,0,0,1680
89,92,840,42775,6698,0,3971280,2520,0,0,49688,0,0,0,0,1680
90,93,840,42775,6698,0,3971280,2520,0,0,49688,0,0,0,0,1680
91,94,840,42775,6698,0,3971280,2520,0,0,49688,0,0,0,0,1680
92,95,840,42775,6698,0,3971280,2520,0,0,49688,0,0,0,0,1680
93,96,840,42775,6698,0,3971280,2520,0,0,49688,0,0,0,0,1680
94,97,840,42775,6698,0,3971280,2520,0,0,49688,0,0,0,0,1680
95,98,840,42775,6698,0,3971280,2520,0,0,49688,0,0,0,0,1680
96,99,840,42775,6698,0,3971280,2520,0,0,49688,0,0,0,0,1680
97,100,840,42775,6698,0,3971280,2520,0,0,49688,0,0,0,0,1680
98,101,840,42775,6698,0,3971280,2520,0,0,49688,0,0,0,0,1680
99,102,840,42775,6698,0,3971280,2520,0,0,49688,0,0,0,0,1680
100,103,840,42775,6698,0,3971280,2520,0,0,49688,0,0,0,0,1680
101,104,840,42775,6698,0,3971280,2520,0,0,49688,0,0,0,0,1680
102,105,840,42775,6698,0,3971280,2520,0,0,49688,0,0,0,0,1680
103,106,840,42775,6698,0,3971280,2520,0,0,49688,0,0,0,0,1680
104,115,840,42775,6698,0,3971280,2520,0,0,49688,0,0,0,0,1680
105,116,840,42775,6698,0,3971280,2520,0,0,49688,0,0,0,0,1680
106,117,840,42775,6698,0,3971280,2520,0,0,49688,0,0,0,0,1680
107,118,840,42775,6698,0,3971280,2520,0,0,49688,0,0,0,0,1680
108,119,840,42775,6698,0,3971280,2520,0,0,49688,0,0,0,0,1680
109,120,840,42775,6698,0,3971280,2520,0,0,49688,0,0,0,0,1680
110,121,840,42775,6698,0,3971280,2520,0,0,49688,0,0,0,0,1680
111,122,840,42775,6698,0,3971280,2520,0,0,49688,0,0,0,0,1680
112,123,840,42775,6698,0,3971280,2520,0,0,49688,0,0,0,0,1680
113,124,840,42775,6698,0,3971280,2520,0,0,49688,0,0,0,0,1680
114,125,840,42775,6698,0,3971280,2520,0,0,49688,0,0,0,0,1680
115,126,840,42775,6698,0,3971280,2520,0,0,49688,0,0,0,0,1680
116,127,840,42775,6698,0,3971280,2520,0,0,49688,0,0,0,0,1680
117,128,840,42775,6698,0,3971280,2520,0,0,49688,0,0,0,0,1680
118,129,840,42775,6698,0,3971280,2520,0,0,49688,0,0,0,0,1680
119,130,840,42775,6698,0,3971280,2520,0,0,49688,0,0,0,0,1680
120,131,840,42775,6698,0,3971280,2520,0,0,49688,0,0,0,0,1680
121,132,840,42775,6698,0,3971280,2520,0,0,49688,0,0,0,0,1680
122,133,840,42775,6698,0,3971280,2520,0,0,49688,0,0,0,0,1680
123,134,840,42775,6698,0,3971280,2520,0,0,49688,0,0,0,0,1680
124,135,840,42775,6698,0,3971280,2520,0,0,49688,0,0,0,0,1680
125,136,840,42775,6698,0,3971280,2520,0,0,49688,0,0,0,0,1680
126,137,840,42775,6698,0,3971280,2520,0,0,49688,0,0,0,0,1680
127,138,840,42775,6698,0,3971280,2520,0,0,49688,0,0,0,0,1680
128,139,840,42775,6698,0,3971280,2520,0,0,49688,0,0,0,0,1680
129,140,840,42775,6698,0,3971280,2520,0,0,49688,0,0,0,0,1680
130,141,840,42775,6698,0,3971280,2520,0,0,49688,0,0,0,0,1680
131,142,840,42775,6698,0,3971280,2520,0,0,49688,0,0,0,0,1680
132,143,840,42775,6698,0,3971280,2520,0,0,49688,0,0,0,0,1680
133,144,840,42775,6698,0,3971280,2520,0,0,49688,0,0,0,0,1680
134,145,840,42775,6698,0,3971280,2520,0,0,49688,0,0,0,0,1680
135,146,840,42775,6698,0,3971280,2520,0,0,49688,0,0,0,0,1680
136,147,840,42775,6698,0,3971280,2520,0,0,49688,0,0,0,0,1680
137,148,840,42775,6698,0,3971280,2520,0,0,49688,0,0,0,0,1680
138,149,840,42775,6698,0,3971280,2520,0,0,49688,0,0,0,0,1680
139,150,840,42775,6698,0,3971280,2520,0,0,49688,0,0,0,0,1680
140,151,840,42775,6698,0,3971280,2520,0,0,49688,0,0,0,0,1680
141,152,840,42775,6698,0,3971280,2520,0,0,49688,0,0,0,0,1680
142,153,840,42775,6698,0,3971280,2520,0,0,49688,0,0,0,0,1680
143,154,840,42775,6698,0,3971280,2520,0,0,49688,0,0,0,0,1680
144,155,840,42775,6698,0,3971280,2520,0,0,49688,0,0,0,0,1680
145,156,840,42775,6698,0,3971280,2520,0,0,49688,0,0,0,0,1680
146,157,840,42775,6698,0,3971280,2520,0,0,49688,0,0,0,0,1680
147,158,840,42775,6698,0,3971280,2520,0,0,49688,0,0,0,0,1680
148,159,840,42775,6698,0,3971280,2520,0,0,49688,0,0,0,0,1680
149,160,840,42775,6698,0,3971280,2520,0,0,49688,0,0,0,0,1680
150,161,840,42775,6698,0,3971280,2520,0,0,49688,0,0,0,0,1680
151,162,840,42775,6698,0,3971280,2520,0,0,49688,0,0,0,0,1680
152,163,840,42775,6698,0,3971280,2520,0,0,49688,0,0,0,0,1680
153,164,840,42775,6698,0,3971280,2520,0,0,49688,0,0,0,0,1680
154,165,840,42775,6698,0,3971280,2520,0,0,49688,0,0,0,0,1680
155,166,840,42775,6698,0,3971280,2520,0,0,49688,0,0,0,0,1680
156,175,840,42775,6698,0,3971280,2520,0,0,49688,0,0,0,0,1680
157,176,840,42775,6698,0,3971280,2520,0,0,49688,0,0,0,0,1680
158,177,840,42775,6698,0,3971280,2520,0,0,49688,0,0,0,0,1680
159,178,840,42775,6698,0,3971280,2520,0,0,49688,0,0,0,0,1680
160,179,840,42775,6698,0,3971280,2520,0,0,49688,0,0,0,0,1680
161,180,840,42775,6698,0,3971280,2520,0,0,49688,0,0,0,0,1680
162,181,840,42775,6698,0,3971280,2520,0,0,49688,0,0,0,0,1680
163,182,840,42775,6698,0,3971280,2520,0,0,49688,0,0,0,0,1680
164,183,840,42775,6698,0,3971280,2520,0,0,49688,0,0,0,0,1680
165,184,840,42775,6698,0,3971280,2520,0,0,49688,0,0,0,0,1680
166,185,840,42775,6698,0,3971280,2520,0,0,49688,0,0,0,0,1680
167,186,840,42775,6698,0,3971280,2520,0,0,49688,0,0,0,0,1680
168,187,840,42775,6698,0,3971280,2520,0,0,49688,0,0,0,0,1680
169,188,840,42775,6698,0,3971280,2520,0,0,49688,0,0,0,0,1680
170,189,840,42775,6698,0,3971280,2520,0,0,49688,0,0,0,0,1680
171,190,840,42775,6698,0,3971280,2520,0,0,49688,0,0,0,0,1680
172,191,840,42775,6698,0,3971280,2520,0,0,49688,0,0,0,0,1680
173,192,840,42775,6698,0,3971280,2520,0,0,49688,0,0,0,0,1680
174,193,840,42775,6698,0,3971280,2520,0,0,49688,0,0,0,0,1680
175,194,840,42775,6698,0,3971280,2520,0,0,49688,0,0,0,0,1680
176,195,840,42775,6698,0,3971280,2520,0,0,49688,0,0,0,0,1680
177,196,840,42775,6698,0,3971280,2520,0,0,49688,0,0,0,0,1680
178,197,840,42775,6698,0,3971280,2520,0,0,49688,0,0,0,0,1680
179,198,840,42775,6698,0,3971280,2520,0,0,49688,0,0,0,0,1680
180,199,840,42775,6698,0,3971280,2520,0,0,49688,0,0,0,0,1680
181,200,840,42775,6698,0,3971280,2520,0,0,49688,0,0,0,0,1680
182,201,840,42775,6698,0,3971280,2520,0,0,49688,0,0,0,0,1680
183,202,840,42775,6698,0,3971280,2520,0,0,49688,0,0,0,0,1680
184,203,840,42775,6698,0,3971280,2520,0,0,49688,0,0,0,0,1680
185,204,840,42775,6698,0,3971280,2520,0,0,49688,0,0,0,0,1680
186,205,840,42775,6698,0,3971280,2520,0,0,49688,0,0,0,0,1680
187,206,840,42775,6698,0,3971280,2520,0,0,49688,0,0,0,0,1680
188,207,840,42775,6698,0,3971280,2520,0,0,49688,0,0,0,0,1680
189,208,840,42775,6698,0,3971280,2520,0,0,49688,0,0,0,0,1680
190,209,840,42775,6698,0,3971280,2520,0,0,49688,0,0,0,0,1680
191,210,840,42775,6698,0,3971280,2520,0,0,49688,0,0,0,0,1680
192,211,840,42775,6698,0,3971280,2520,0,0,49688,0,0,0,0,1680
193,212,840,42775,6698,0,3971280,2520,0,0,49688,0,0,0,0,1680
194,213,840,42775,6698,0,3971280,2520,0,0,49688,0,0,0,0,1680
195,214,840,42775,6698,0,3971280,2520,0,0,49688,0,0,0,0,1680
196,216,840,42775,6698,0,3971280,2520,0,0,49688,0,0,0,0,1680
197,217,840,42775,6698,0,3971280,2520,0,0,49688,0,0,0,0,1680
198,218,840,42775,6698,0,3971280,2520,0,0,49688,0,0,0,0,1680
199,219,840,42775,6698,0,3971280,2520,0,0,49688,0,0,0,0,1680
200,220,840,42775,6698,0,3971280,2520,0,0,49688,0,0,0,0,1680
201,221,840,42775,6698,0,3971280,2520,0,0,49688,0,0,0,0,1680
202,222,840,42775,6698,0,3971280,2520,0,0,49688,0,0,0,0,1680
203,223,840,42775,6698,0,3971280,2520,0,0,49688,0,0,0,0,1680
204,224,840,42775,6698,0,3971280,2520,0,0,49688,0,0,0,0,1680
205,225,840,42775,6698,0,3971280,2520,0,0,49688,0,0,0,0,1680
206,226,840,42775,6698,0,3971280,2520,0,0,49688,0,0,0,0,1680
207,227,840,42775,6698,0,3971280,2520,0,0,49688,0,0,0,0,1680
208,228,840,42775,6698,0,3971280,2520,0,0,49688,0,0,0,0,1680
209,229,840,42775,6698,0,3971280,2520,0,0,49688,0,0,0,0,1680
210,230,840,42775,6698,0,3971280,2520,0,0,49688,0,0,0,0,1680
211,231,840,42775,6698,0,3971280,2520,0,0,49688,0,0,0,0,1680
212,232,840,42775,6698,0,3971280,2520,0,0,49688,0,0,0,0,1680
213,233,840,42775,6698,0,3971280,2520,0,0,49688,0,0,0,0,1680
214,234,840,42775,6698,0,3971280,2520,0,0,49688,0,0,0,0,1680
215,235,840,42775,6698,0,3971280,2520,0,0,49688,0,0,0,0,1680
216,236,840,42775,6698,0,3971280,2520,0,0,49688,0,0,0,0,1680
217,237,840,42775,6698,0,3971280,2520,0,0,49688,0,0,0,0,1680
218,238,840,42775,6698,0,3971280,2520,0,0,49688,0,0,0,0,1680
219,239,840,42775,6698,0,3971280,2520,0,0,49688,0,0,0,0,1680
220,240,840,42775,6698,0,3971280,2520,0,0,49688,0,0,0,0,1680
221,241,840,42775,6698,0,3971280,2520,0,0,49688,0,0,0,0,1680
222,242,840,42775,6698,0,3971280,2520,0,0,49688,0,0,0,0,1680
223,243,840,42775,6698,0,3971280,2520,0,0,49688,0,0,0,0,1680
224,244,840,42775,6698,0,3971280,2520,0,0,49688,0,0,0,0,1680
225,245,840,42775,6698,0,3971280,2520,0,0,49688,0,0,0,0,1680
226,246,840,42775,6698,0,3971280,2520,0,0,49688,0,0,0,0,1680
227,247,840,42775,6698,0,3971280,2520,0,0,49688,0,0,0,0,1680
228,248,840,42775,6698,0,3971280,2520,0,0,49688,0,0,0,0,1680
229,249,840,42775,6698,0,3971280,2520,0,0,49688,0,0,0,0,1680
230,250,840,42775,6698,0,3971280,2520,0,0,49688,0,0,0,0,1680
231,251,840,42775,6698,0,3971280,2520,0,0,49688,0,0,0,0,1680
232,252,840,42775,6698,0,3971280,2520,0,0,49688,0,0,0,0,1680
233,253,840,42775,6698,0,3971280,2520,0,0,49688,0,0,0,0,1680
234,254,840,42775,6698,0,3971280,2520,0,0,49688,0,0,0,0,1680
235,255,840,42775,6698,0,3971280,2520,0,0,49688,0,0,0,0,1680
236,256,840,42775,6698,0,3971280,2520,0,0,49688,0,0,0,0,1680
237,257,840,42775,6698,0,3971280,2520,0,0,49688,0,0,0,0,1680
238,258,840,42775,6698,0,3971280,2520,0,0,49688,0,0,0,0,1680
239,259,840,42775,6698,0,3971280,2520,0,0,49688,0,0,0,0,1680
240,260,840,42775,6698,0,3971280,2520,0,0,49688,0,0,0,0,1680
241,261,840,42775,6698,0,3971280,2520,0,0,49688,0,0,0,0,1680
242,262,840,42775,6698,0,3971280,2520,0,0,49688,0,0,0,0,1680
243,263,840,42775,6698,0,3971280,2520,0,0,49688,0,0,0,0,1680
244,264,840,42775,6698,0,3971280,2520,0,0,49688,0,0,0,0,1680
245,265,840,42775,6698,0,3971280,2520,0,0,49688,0,0,0,0,1680
246,266,840,42775,6698,0,3971280,2520,0,0,49688,0,0,0,0,1680
247,267,840,42775,6698,0,3971280,2520,0,0,49688,0,0,0,0,1680
248,268,840,42775,6698,0,3971280,2520,0,0,49688,0,0,0,0,1680
249,269,840,42775,6698,0,3971280,2520,0,0,49688,0,0,0,0,1680
250,270,840,42775,6698,0,3971280,2520,0,0,49688,0,0,0,0,1680
251,271,840,42775,6698,0,3971280,2520,0,0,49688,0,0,0,0,1680
252,272,840,42775,6698,0,3971280,2520,0,0,49688,0,0,0,0,1680
253,273,840,42775,6698,0,3971280,2520,0,0,49688,0,0,0,0,1680
254,274,840,42775,6698,0,3971280,2520,0,0,49688,0,0,0,0,1680
255,275,840,42775,6698,0,3971280,2520,0,0,49688,0,0,0,0,1680
256,276,840,42775,6698,0,3971280,2520,0,0,49688,0,0,0,0,1680
257,277,840,42775,6698,0,3971280,2520,0,0,49688,0,0,0,0,1680
258,278,840,42775,6698,0,3971280,2520,0,0,49688,0,0,0,0,1680
259,279,840,42775,6698,0,3971280,2520,0,0,49688,0,0,0,0,1680
260,280,840,42775,6698,0,3971280,2520,0,0,49688,0,0,0,0,1680
261,281,840,42775,6698,0,3971280,2520,0,0,49688,0,0,0,0,1680
262,282,840,42775,6698,0,3971280,2520,0,0,49688,0,0,0,0,1680
263,283,840,42775,6698,0,3971280,2520,0,0,49688,0,0,0,0,1680
264,284,840,42775,6698,0,3971280,2520,0,0,49688,0,0,0,0,1680
265,285,840,42775,6698,0,3971280,2520,0,0,49688,0,0,0,0,1680
266,286,840,42775,6698,0,3971280,2520,0,0,49688,0,0,0,0,1680
267,287,840,42775,6698,0,3971280,2520,0,0,49688,0,0,0,0,1680
268,288,840,42775,6698,0,3971280,2520,0,0,49688,0,0,0,0,1680
269,289,840,42775,6698,0,3971280,2520,0,0,49688,0,0,0,0,1680
270,290,840,42775,6698,0,3971280,2520,0,0,49688,0,0,0,0,1680
271,291,840,42775,6698,0,3971280,2520,0,0,49688,0,0,0,0,1680
272,292,840,42775,6698,0,3971280,2520,0,0,49688,0,0,0,0,1680
273,293,840,42775,6698,0,3971280,2520,0,0,49688,0,0,0,0,1680
274,294,840,42775,6698,0,3971280,2520,0,0,49688,0,0,0,0,1680
275,295,840,42775,6698,0,3971280,2520,0,0,49688,0,0,0,0,1680
276,296,840,42775,6698,0,3971280,2520,0,0,49688,0,0,0,0,1680
277,297,840,42775,6698,0,3971280,2520,0,0,49688,0,0,0,0,1680
278,298,840,42775,6698,0,3971280,2520,0,0,49688,0,0,0,0,1680
279,299,840,42775,6698,0,3971280,2520,0,0,49688,0,0,0,0,1680
280,300,840,42775,6698,0,3971280,2520,0,0,49688,0,0,0,0,1680
281,301,840,42775,6698,0,3971280,2520,0,0,49688,0,0,0,0,1680
282,302,840,42775,6698,0,3971280,2520,0,0,49688,0,0,0,0,1680
283,303,840,42775,6698,0,3971280,2520,0,0,49688,0,0,0,0,1680
284,304,840,42775,6698,0,3971280,2520,0,0,49688,0,0,0,0,1680
285,305,840,42775,6698,0,3971280,2520,0,0,49688,0,0,0,0,1680
286,306,840,42775,6698,0,3971280,2520,0,0,49688,0,0,0,0,1680
287,307,840,42775,6698,0,3971280,2520,0,0,49688,0,0,0,0,1680
288,308,840,42775,6698,0,3971280,2520,0,0,49688,0,0,0,0,1680
289,309,840,42775,6698,0,3971280,2520,0,0,49688,0,0,0,0,1680
290,311,840,42775,6698,0,3971280,2520,0,0,49688,0,0,0,0,1680
291,312,840,42775,6698,0,3971280,2520,0,0,49688,0,0,0,0,1680
292,313,840,42775,6698,0,3971280,2520,0,0,49688,0,0,0,0,1680
293,314,840,42775,6698,0,3971280,2520,0,0,49688,0,0,0,0,1680
294,315,840,42775,6698,0,3971280,2520,0,0,49688,0,0,0,0,1680
295,316,840,42775,6698,0,3971280,2520,0,0,49688,0,0,0,0,1680
296,317,840,42775,6698,0,3971280,2520,0,0,49688,0,0,0,0,1680
297,318,840,42775,6698,0,3971280,2520,0,0,49688,0,0,0,0,1680
298,319,840,42775,6698,0,3971280,2520,0,0,49688,0,0,0,0,1680
299,320,840,42775,6698,0,3971280,2520,0,0,49688,0,0,0,0,1680
300,321,840,42775,6698,0,3971280,2520,0,0,49688,0,0,0,0,1680
301,322,840,42775,6698,0,3971280,2520,0,0,49688,0,0,0,0,1680
302,323,840,42775,6698,0,3971280,2520,0,0,49688,0,0,0,0,1680
303,324,840,42775,6698,0,3971280,2520,0,0,49688,0,0,0,0,1680
304,325,840,42775,6698,0,3971280,2520,0,0,49688,0,0,0,0,1680
305,326,840,42775,6698,0,3971280,2520,0,0,49688,0,0,0,0,1680
306,327,840,42775,6698,0,3971280,2520,0,0,49688,0,0,0,0,1680
307,328,840,42775,6698,0,3971280,2520,0,0,49688,0,0,0,0,1680
308,329,840,42775,6698,0,3971280,2520,0,0,49688,0,0,0,0,1680
309,330,840,42775,6698,0,3971280,2520,0,0,49688,0,0,0,0,1680
310,331,840,42775,6698,0,3971280,2520,0,0,49688,0,0,0,0,1680
311,332,840,42775,6698,0,3971280,2520,0,0,49688,0,0,0,0,1680
312,333,840,42775,6698,0,3971280,2520,0,0,49688,0,0,0,0,1680
313,334,840,42775,6698,0,3971280,2520,0,0,49688,0,0,0,0,1680
314,335,840,42775,6698,0,3971280,2520,0,0,49688,0,0,0,0,1680
315,336,840,42775,6698,0,3971280,2520,0,0,49688,0,0,0,0,1680
316,337,840,42775,6698,0,3971280,2520,0,0,49688,0,0,0,0,1680
317,338,840,42775,6698,0,3971280,2520,0,0,49688,0,0,0,0,1680
318,339,840,42775,6698,0,3971280,2520,0,0,49688,0,0,0,0,1680
319,340,840,42775,6698,0,3971280,2520,0,0,49688,0,0,0,0,1680
320,341,840,42775,6698,0,3971280,2520,0,0,49688,0,0,0,0,1680
321,342,840,42775,6698,0,3971280,2520,0,0,49688,0,0,0,0,1680
322,343,840,42775,6698,0,3971280,2520,0,0,49688,0,0,0,0,1680
323,344,840,42775,6698,0,3971280,2520,0,0,49688,0,0,0,0,1680
324,345,840,42775,6698,0,3971280,2520,0,0,49688,0,0,0,0,1680
325,346,840,42775,6698,0,3971280,2520,0,0,49688,0,0,0,0,1680
326,347,840,42775,6698,0,3971280,2520,0,0,49688,0,0,0,0,1680
327,348,840,42775,6698,0,3971280,2520,0,0,49688,0,0,0,0,1680
328,349,840,42775,6698,0,3971280,2520,0,0,49688,0,0,0,0,1680
329,350,840,42775,6698,0,3971280,2520,0,0,49688,0,0,0,0,1680
330,350,840,42775,6698,0,3971280,2520,0,0,49688,0,0,0,0,1680
331,350,840,42775,6698,0,3971280,2520,0,0,49688,0,0,0,0,1680
332,350,840,42775,6698,0,3971280,2520,0,0,49688,0,0,0,0,1680
333,350,840,42775,6698,0,3971280,2520,0,0,49688,0,0,0,0,1680
334,350,840,42775,6698,0,3971280,2520,0,0,49688,0,0,0,0,1680
335,350,840,42775,6698,0,3971280,2520,0,0,49688,0,0,0,0,1680
336,350,840,42775,6698,0,3971280,2520,0,0,49688,0,0,0,0,1680
337,350,840,42775,6698,0,3971280,2520,0,0,49688,0,0,0,0,1680
338,350,840,42775,6698,0,3971280,2520,0,0,49688,0,0,0,0,1680
339,350,840,42775,6698,0,3971280,2520,0,0,49688,0,0,0,0,1680
340,350,840,42775,6698,0,3971280,2520,0,0,49688,0,0,0,0,1680
341,350,840,42775,6698,0,3971280,2520,0,0,49688,0,0,0,0,1680
342,350,840,42775,6698,0,3971280,2520,0,0,49688,0,0,0,0,1680
343,350,840,42775,6698,0,3971280,2520,0,0,49688,0,0,0,0,1680
344,350,840,42775,6698,0,3971280,2520,0,0,49688,0,0,0,0,1680
345,350,840,42775,6698,0,3971280,2520,0,0,49688,0,0,0,0,1680
346,350,840,42775,6698,0,3971280,2520,0,0,49688,0,0,0,0,1680
347,350,840,42775,6698,0,3971280,2520,0,0,49688,0,0,0,0,1680
348,350,840,42775,6698,0,3971280,2520,0,0,49688,0,0,0,0,1680
349,350,840,42775,6698,0,3971280,2520,0,0,49688,0,0,0,0,1680
350,350,840,42775,6698,0,3971280,2520,0,0,49688,0,0,0,0,1680
351,350,840,42775,6698,0,3971280,2520,0,0,49688,0,0,0,0,1680
352,350,840,42775,6698,0,3971280,2520,0,0,49688,0,0,0,0,1680
353,350,840,42775,6698,0,3971280,2520,0,0,49688,0,0,0,0,1680
354,350,840,42775,6698,0,3971280,2520,0,0,49688,0,0,0,0,1680
355,350,840,42775,6698,0,3971280,2520,0,0,49688,0,0,0,0,1680
356,350,840,42775,6698,0,3971280,2520,0,0,49688,0,0,0,0,1680
357,350,840,42775,6698,0,3971280,2520,0,0,49688,0,0,0,0,1680
358,350,840,42775,6698,0,3971280,2520,0,0,49688,0,0,0,0,1680
359,350,840,42775,6698,0,3971280,2520,0,0,49688,0,0,0,0,1680
360,350,840,42775,6698,0,3971280,2520,0,0,49688,0,0,0,0,1680
361,350,840,42775,6698,0,3971280,2520,0,0,49688,0,0,0,0,1680
362,350,840,42775,6698,0,3971280,2520,0,0,49688,0,0,0,0,1680
363,350,840,42775,6698,0,3971280,2520,0,0,49688,0,0,0,0,1680
364,350,840,42775,6698,0,3971280,2520,0,0,49688,0,0,0,0,1680
365,350,840,42775,6698,0,3971280,2520,0,0,49688,0,0,0,0,1680
366,350,840,42775,6698,0,3971280,2520,0,0,49688,0,0,0,0,1680
367,350,840,42775,6698,0,3971280,2520,0,0,49688,0,0,0,0,1680
368,350,840,42775,6698,0,3971280,2520,0,0,49688,0,0,0,0,1680
369,350,840,42775,6698,0,3971280,2520,0,0,49688,0,0,0,0,1680
370,350,840,42775,6698,0,3971280,2520,0,0,49688,0,0,0,0,1680
371,350,840,42775,6698,0,3971280,2520,0,0,49688,0,0,0,0,1680
372,350,840,42775,6698,0,3971280,2520,0,0,49688,0,0,0,0,1680
373,350,840,42775,6698,0,3971280,2520,0,0,49688,0,0,0,0,1680
374,350,840,42775,6698,0,3971280,2520,0,0,49688,0,0,0,0,1680
375,350,840,42775,6698,0,3971280,2520,0,0,49688,0,0,0,0,1680
376,350,840,42775,6698,0,3971280,2520,0,0,49688,0,0,0,0,1680
377,350,840,42775,6698,0,3971280,2520,0,0,49688,0,0,0,0,1680
378,350,840,42775,6698,0,3971280,2520,0,0,49688,0,0,0,0,1680
379,350,840,42775,6698,0,3971280,2520,0,0,49688,0,0,0,0,1680
380,350,840,42775,6698,0,3971280,2520,0,0,49688,0,0,0,0,1680
381,350,840,42775,6698,0,3971280,2520,0,0,49688,0,0,0,0,1680
382,350,840,42775,6698,0,3971280,2520,0,0,49688,0,0,0,0,1680
383,350,840,42775,6698,0,3971280,2520,0,0,49688,0,0,0,0,1680
384,350,840,42775,6698,0,3971280,2520,0,0,49688,0,0,0,0,1680
385,350,840,42775,6698,0,3971280,2520,0,0,49688,0,0,0,0,1680
386,350,840,42775,6698,0,3971280,2520,0,0,49688,0,0,0,0,1680
387,350,840,42775,6698,0,3971280,2520,0,0,49688,0,0,0,0,1680
388,350,840,42775,6698,0,3971280,2520,0,0,49688,0,0,0,0,1680
389,350,840,42775,6698,0,3971280,2520,0,0,49688,0,0,0,0,1680
390,350,840,42775,6698,0,3971280,2520,0,0,49688,0,0,0,0,1680
391,350,840,42775,6698,0,3971280,2520,0,0,49688,0,0,0,0,1680
392,350,840,42775,6698,0,3971280,2520,0,0,49688,0,0,0,0,1680
393,350,840,42775,6698,0,3971280,2520,0,0,49688,0,0,0,0,1680
394,350,840,42775,6698,0,3971280,2520,0,0,49688,0,0,0,0,1680
395,350,840,42775,6698,0,3971280,2520,0,0,49688,0,0,0,0,1680
396,350,840,42775,6698,0,3971280,2520,0,0,49688,0,0,0,0,1680
397,350,840,42775,6698,0,3971280,2520,0,0,49688,0,0,0,0,1680
398,350,840,42775,6698,0,3971280,2520,0,0,49688,0,0,0,0,1680
399,350,840,42775,6698,0,3971280,2520,0,0,49688,0,0,0,0,1680
400,350,840,42775,6698,0,3971280,2520,0,0,49688,0,0,0,0,1680
401,350,840,42775,6698,0,3971280,2520,0,0,49688,0,0,0,0,1680
402,350,840,42775,6698,0,3971280,2520,0,0,49688,0,0,0,0,1680
403,350,840,42775,6698,0,3971280,2520,0,0,49688,0,0,0,0,1680
404,350,840,42775,6698,0,3971280,2520,0,0,49688,0,0,0,0,1680
405,350,840,42775,6698,0,3971280,2520,0,0,49688,0,0,0,0,1680
406,350,840,42775,6698,0,3971280,2520,0,0,49688,0,0,0,0,1680
407,350,840,42775,6698,0,3971280,2520,0,0,49688,0,0,0,0,1680
408,350,840,42775,6698,0,3971280,2520,0,0,49688,0,0,0,0,1680
409,350,840,42775,6698,0,3971280,2520,0,0,49688,0,0,0,0,1680
410,350,840,42775,6698,0,3971280,2520,0,0,49688,0,0,0,0,1680
411,350,840,42775,6698,0,3971280,2520,0,0,49688,0,0,0,0,1680
412,350,840,42775,6698,0,3971280,2520,0,0,49688,0,0,0,0,1680
413,350,840,42775,6698,0,3971280,2520,0,0,49688,0,0,0,0,1680
414,350,840,42775,6698,0,3971280,2520,0,0,49688,0,0,0,0,1680
415,350,840,42775,6698,0,3971280,2520,0,0,49688,0,0,0,0,1680
416,350,840,42775,6698,0,3971280,2520,0,0,49688,0,0,0,0,1680
417,350,840,42775,6698,0,3971280,2520,0,0,49688,0,0,0,0,1680
418,350,840,42775,6698,0,3971280,2520,0,0,49688,0,0,0,0,1680
419,350,840,42775,6698,0,3971280,2520,0,0,49688,0,0,0,0,1680
420,350,840,42775,6698,0,3971280,2520,0,0,49688,0,0,0,0,1680
421,350,840,42775,6698,0,3971280,2520,0,0,49688,0,0,0,0,1680
422,350,840,42775,6698,0,3971280,2520,0,0,49688,0,0,0,0,1680
423,350,840,42775,6698,0,3971280,2520,0,0,49688,0,0,0,0,1680
424,350,840,42775,6698,0,3971280,2520,0,0,49688,0,0,0,0,1680
425,350,840,42775,6698,0,3971280,2520,0,0,49688,0,0,0,0,1680
426,350,840,42775,6698,0,3971280,2520,0,0,49688,0,0,0,0,1680
427,350,840,42775,6698,0,3971280,2520,0,0,49688,0,0,0,0,1680
428,350,840,42775,6698,0,3971280,2520,0,0,49688,0,0,0,0,1680
429,350,840,42775,6698,0,3971280,2520,0,0,49688,0,0,0,0,1680
430,350,840,42775,6698,0,3971280,2520,0,0,49688,0,0,0,0,1680
431,350,840,42775,6698,0,3971280,2520,0,0,49688,0,0,0,0,1680
432,350,840,42775,6698,0,3971280,2520,0,0,49688,0,0,0,0,1680
433,350,840,42775,6698,0,3971280,2520,0,0,49688,0,0,0,0,1680
434,350,840,42775,6698,0,3971280,2520,0,0,49688,0,0,0,0,1680
435,350,840,42775,6698,0,3971280,2520,0,0,49688,0,0,0,0,1680
436,350,840,42775,6698,0,3971280,2520,0,0,49688,0,0,0,0,1680
437,350,840,42775,6698,0,3971280,2520,0,0,49688,0,0,0,0,1680
438,350,840,42775,6698,0,3971280,2520,0,0,49688,0,0,0,0,1680
439,350,840,42775,6698,0,3971280,2520,0,0,49688,0,0,0,0,1680
440,350,840,42775,6698,0,3971280,2520,0,0,49688,0,0,0,0,1680
441,350,840,42775,6698,0,3971280,2520,0,0,49688,0,0,0,0,1680
442,350,840,42775,6698,0,3971280,2520,0,0,49688,0,0,0,0,1680
443,350,840,42775,6698,0,3971280,2520,0,0,49688,0,0,0,0,1680
444,350,840,42775,6698,0,3971280,2520,0,0,49688,0,0,0,0,1680
445,350,840,42775,6698,0,3971280,2520,0,0,49688,0,0,0,0,1680
446,350,840,42775,6698,0,3971280,2520,0,0,49688,0,0,0,0,1680
447,350,840,42775,6698,0,3971280,2520,0,0,49688,0,0,0,0,1680
448,350,840,42775,6698,0,3971280,2520,0,0,49688,0,0,0,0,1680
449,350,840,42775,6698,0,3971280,2520,0,0,49688,0,0,0,0,1680
450,350,840,42775,6698,0,3971280,2520,0,0,49688,0,0,0,0,1680
451,350,840,42775,6698,0,3971280,2520,0,0,49688,0,0,0,0,1680
452,350,840,42775,6698,0,3971280,2520,0,0,49688,0,0,0,0,1680
453,350,840,42775,6698,0,3971280,2520,0,0,49688,0,0,0,0,1680
454,350,840,42775,6698,0,3971280,2520,0,0,49688,0,0,0,0,1680
455,350,840,42775,6698,0,3971280,2520,0,0,49688,0,0,0,0,1680
456,350,840,42775,6698,0,3971280,2520,0,0,49688,0,0,0,0,1680
457,350,840,42775,6698,0,3971280,2520,0,0,49688,0,0,0,0,1680
458,350,840,42775,6698,0,3971280,2520,0,0,49688,0,0,0,0,1680
459,350,840,42775,6698,0,3971280,2520,0,0,49688,0,0,0,0,1680
460,350,840,42775,6698,0,3971280,2520,0,0,49688,0,0,0,0,1680
461,350,840,42775,6698,0,3971280,2520,0,0,49688,0,0,0,0,1680
462,350,840,42775,6698,0,3971280,2520,0,0,49688,0,0,0,0,1680
463,350,840,42775,6698,0,3971280,2520,0,0,49688,0,0,0,0,1680
464,350,840,42775,6698,0,3971280,2520,0,0,49688,0,0,0,0,1680
465,350,840,42775,6698,0,3971280,2520,0,0,49688,0,0,0,0,1680
466,350,840,42775,6698,0,3971280,2520,0,0,49688,0,0,0,0,1680
467,350,840,42775,6698,0,3971280,2520,0,0,49688,0,0,0,0,1680
468,350,840,42775,6698,0,3971280,2520,0,0,49688,0,0,0,0,1680
469,350,840,42775,6698,0,3971280,2520,0,0,49688,0,0,0,0,1680
470,350,840,42775,6698,0,3971280,2520,0,0,49688,0,0,0,0,1680
471,350,840,42775,6698,0,3971280,2520,0,0,49688,0,0,0,0,1680
472,350,840,42775,6698,0,3971280,2520,0,0,49688,0,0,0,0,1680
473,350,840,42775,6698,0,3971280,2520,0,0,49688,0,0,0,0,1680
474,350,840,42775,6698,0,3971280,2520,0,0,49688,0,0,0,0,1680
475,350,840,42775,6698,0,3971280,2520,0,0,49688,0,0,0,0,1680
476,350,840,42775,6698,0,3971280,2520,0,0,49688,0,0,0,0,1680
477,350,840,42775,6698,0,3971280,2520,0,0,49688,0,0,0,0,1680
478,350,840,42775,6698,0,3971280,2520,0,0,49688,0,0,0,0,1680
479,350,840,42775,6698,0,3971280,2520,0,0,49688,0,0,0,0,1680
480,350,840,42775,6698,0,3971280,2520,0,0,49688,0,0,0,0,1680
481,350,840,42775,6698,0,3971280,2520,0,0,49688,0,0,0,0,1680
482,350,840,42775,6698,0,3971280,2520,0,0,49688,0,0,0,0,1680
483,350,840,42775,6698,0,3971280,2520,0,0,49688,0,0,0,0,1680
484,350,840,42775,6698,0,3971280,2520,0,0,49688,0,0,0,0,1680
485,350,840,42775,6698,0,3971280,2520,0,0,49688,0,0,0,0,1680
486,350,840,42775,6698,0,3971280,2520,0,0,49688,0,0,0,0,1680
487,350,840,42775,6698,0,3971280,2520,0,0,49688,0,0,0,0,1680
488,350,840,42775,6698,0,3971280,2520,0,0,49688,0,0,0,0,1680
489,350,840,42775,6698,0,3971280,2520,0,0,49688,0,0,0,0,1680
490,350,840,42775,6698,0,3971280,2520,0,0,49688,0,0,0,0,1680
491,350,840,42775,6698,0,3971280,2520,0,0,49688,0,0,0,0,1680
492,350,840,42775,6698,0,3971280,2520,0,0,49688,0,0,0,0,1680
493,350,840,42775,6698,0,3971280,2520,0,0,49688,0,0,0,0,1680
494,350,840,42775,6698,0,3971280,2520,0,0,49688,0,0,0,0,1680
495,350,840,42775,6698,0,3971280,2520,0,0,49688,0,0,0,0,1680
496,350,840,42775,6698,0,3971280,2520,0,0,49688,0,0,0,0,1680
497,350,840,42775,6698,0,3971280,2520,0,0,49688,0,0,0,0,1680
498,350,840,42775,6698,0,3971280,2520,0,0,49688,0,0,0,0,1680
499,350,840,42775,6698,0,3971280,2520,0,0,49688,0,0,0,0,1680
500,350,840,42775,6698,0,3971280,2520,0,0,49688,0,0,0,0,1680
501,350,840,42775,6698,0,3971280,2520,0,0,49688,0,0,0,0,1680
502,350,840,42775,6698,0,3971280,2520,0,0,49688,0,0,0,0,1680
503,350,840,42775,6698,0,3971280,2520,0,0,49688,0,0,0,0,1680
504,350,840,42775,6698,0,3971280,2520,0,0,49688,0,0,0,0,1680
505,350,840,42775,6698,0,3971280,2520,0,0,49688,0,0,0,0,1680
506,350,840,42775,6698,0,3971280,2520,0,0,49688,0,0,0,0,1680
507,350,840,42775,6698,0,3971280,2520,0,0,49688,0,0,0,0,1680
508,350,840,42775,6698,0,3971280,2520,0,0,49688,0,0,0,0,1680
509,350,840,42775,6698,0,3971280,2520,0,0,49688,0,0,0,0,1680
510,350,840,42775,6698,0,3971280,2520,0,0,49688,0,0,0,0,1680
511,350,840,42775,6698,0,3971280,2520,0,0,49688,0,0,0,0,1680
512,350,840,42775,6698,0,3971280,2520,0,0,49688,0,0,0,0,1680
513,350,840,42775,6698,0,3971280,2520,0,0,49688,0,0,0,0,1680
514,350,840,42775,6698,0,3971280,2520,0,0,49688,0,0,0,0,1680
515,350,840,42775,6698,0,3971280,2520,0,0,49688,0,0,0,0,1680
516,350,840,42775,6698,0,3971280,2520,0,0,49688,0,0,0,0,1680
517,350,840,42775,6698,0,3971280,2520,0,0,49688,0,0,0,0,1680
518,350,840,42775,6698,0,3971280,2520,0,0,49688,0,0,0,0,1680
519,350,840,42775,6698,0,3971280,2520,0,0,49688,0,0,0,0,1680
520,350,840,42775,6698,0,3971280,2520,0,0,49688,0,0,0,0,1680
521,350,840,42775,6698,0,3971280,2520,0,0,49688,0,0,0,0,1680
522,350,840,42775,6698,0,3971280,2520,0,0,49688,0,0,0,0,1680
523,350,840,42775,6698,0,3971280,2520,0,0,49688,0,0,0,0,1680
524,350,840,42775,6698,0,3971280,2520,0,0,49688,0,0,0,0,1680
525,350,840,42775,6698,0,3971280,2520,0,0,49688,0,0,0,0,1680
526,350,840,42775,6698,0,3971280,2520,0,0,49688,0,0,0,0,1680
527,350,840,42775,6698,0,3971280,2520,0,0,49688,0,0,0,0,1680
528,350,840,42775,6698,0,3971280,2520,0,0,49688,0,0,0,0,1680
529,350,840,42775,6698,0,3971280,2520,0,0,49688,0,0,0,0,1680
530,350,840,42775,6698,0,3971280,2520,0,0,49688,0,0,0,0,1680
531,350,840,42775,6698,0,3971280,2520,0,0,49688,0,0,0,0,1680
532,350,840,42775,6698,0,3971280,2520,0,0,49688,0,0,0,0,1680
533,350,840,42775,6698,0,3971280,2520,0,0,49688,0,0,0,0,1680
534,350,840,42775,6698,0,3971280,2520,0,0,49688,0,0,0,0,1680
535,350,840,42775,6698,0,3971280,2520,0,0,49688,0,0,0,0,1680
536,350,840,42775,6698,0,3971280,2520,0,0,49688,0,0,0,0,1680
537,350,840,42775,6698,0,3971280,2520,0,0,49688,0,0,0,0,1680
538,350,840,42775,6698,0,3971280,2520,0,0,49688,0,0,0,0,1680
539,350,840,42775,6698,0,3971280,2520,0,0,49688,0,0,0,0,1680
540,350,840,42775,6698,0,3971280,2520,0,0,49688,0,0,0,0,1680
541,350,840,42775,6698,0,3971280,2520,0,0,49688,0,0,0,0,1680
542,350,840,42775,6698,0,3971280,2520,0,0,49688,0,0,0,0,1680
543,350,840,42775,6698,0,3971280,2520,0,0,49688,0,0,0,0,1680
544,350,840,42775,6698,0,3971280,2520,0,0,49688,0,0,0,0,1680
545,350,840,42775,6698,0,3971280,2520,0,0,49688,0,0,0,0,1680
546,350,840,42775,6698,0,3971280,2520,0,0,49688,0,0,0,0,1680
547,350,840,42775,6698,0,3971280,2520,0,0,49688,0,0,0,0,1680
548,350,840,42775,6698,0,3971280,2520,0,0,49688,0,0,0,0,1680
549,350,840,42775,6698,0,3971280,2520,0,0,49688,0,0,0,0,1680
550,350,840,42775,6698,0,3971280,2520,0,0,49688,0,0,0,0,1680
551,350,840,42775,6698,0,3971280,2520,0,0,49688,0,0,0,0,1680
552,350,840,42775,6698,0,3971280,2520,0,0,49688,0,0,0,0,1680
553,350,840,42775,6698,0,3971280,2520,0,0,49688,0,0,0,0,1680
554,350,840,42775,6698,0,3971280,2520,0,0,49688,0,0,0,0,1680
555,350,840,42775,6698,0,3971280,2520,0,0,49688,0,0,0,0,1680
556,350,840,42775,6698,0,3971280,2520,0,0,49688,0,0,0,0,1680
557,350,840,42775,6698,0,3971280,2520,0,0,49688,0,0,0,0,1680
558,350,840,42775,6698,0,3971280,2520,0,0,49688,0,0,0,0,1680
559,350,840,42775,6698,0,3971280,2520,0,0,49688,0,0,0,0,1680
560,350,840,42775,6698,0,3971280,2520,0,0,49688,0,0,0,0,1680
561,350,840,42775,6698,0,3971280,2520,0,0,49688,0,0,0,0,1680
562,350,840,42775,6698,0,3971280,2520,0,0,49688,0,0,0,0,1680
563,350,840,42775,6698,0,3971280,2520,0,0,49688,0,0,0,0,1680
564,350,840,42775,6698,0,3971280,2520,0,0,49688,0,0,0,0,1680
565,350,840,42775,6698,0,3971280,2520,0,0,49688,0,0,0,0,1680
566,350,840,42775,6698,0,3971280,2520,0,0,49688,0,0,0,0,1680
567,350,840,42775,6698,0,3971280,2520,0,0,49688,0,0,0,0,1680
568,350,840,42775,6698,0,3971280,2520,0,0,49688,0,0,0,0,1680
569,350,840,42775,6698,0,3971280,2520,0,0,49688,0,0,0,0,1680
570,350,840,42775,6698,0,3971280,2520,0,0,49688,0,0,0,0,1680
571,350,840,42775,6698,0,3971280,2520,0,0,49688,0,0,0,0,1680
572,350,840,42775,6698,0,3971280,2520,0,0,49688,0,0,0,0,1680
573,350,840,42775,6698,0,3971280,2520,0,0,49688,0,0,0,0,1680
574,350,840,42775,6698,0,3971280,2520,0,0,49688,0,0,0,0,1680
575,350,840,42775,6698,0,3971280,2520,0,0,49688,0,0,0,0,1680
576,350,840,42775,6698,0,3971280,2520,0,0,49688,0,0,0,0,1680
577,350,840,42775,6698,0,3971280,2520,0,0,49688,0,0,0,0,1680
578,350,840,42775,6698,0,3971280,2520,0,0,49688,0,0,0,0,1680
579,350,840,42775,6698,0,3971280,2520,0,0,49688,0,0,0,0,1680
580,350,840,42775,6698,0,3971280,2520,0,0,49688,0,0,0,0,1680
581,350,840,42775,6698,0,3971280,2520,0,0,49688,0,0,0,0,1680
582,350,840,42775,6698,0,3971280,2520,0,0,49688,0,0,0,0,1680
583,350,840,42775,6698,0,3971280,2520,0,0,49688,0,0,0,0,1680
584,350,840,42775,6698,0,3971280,2520,0,0,49688,0,0,0,0,1680
585,350,840,42775,6698,0,3971280,2520,0,0,49688,0,0,0,0,1680
586,350,840,42775,6698,0,3971280,2520,0,0,49688,0,0,0,0,1680
587,350,840,42775,6698,0,3971280,2520,0,0,49688,0,0,0,0,1680
588,350,840,42775,6698,0,3971280,2520,0,0,49688,0,0,0,0,1680
589,350,840,42775,6698,0,3971280,2520,0,0,49688,0,0,0,0,1680
590,350,840,42775,6698,0,3971280,2520,0,0,49688,0,0,0,0,1680
591,350,840,42775,6698,0,3971280,2520,0,0,49688,0,0,0,0,1680
592,350,840,42775,6698,0,3971280,2520,0,0,49688,0,0,0,0,1680
593,350,840,42775,6698,0,3971280,2520,0,0,49688,0,0,0,0,1680
594,350,840,42775,6698,0,3971280,2520,0,0,49688,0,0,0,0,1680
595,350,840,42775,6698,0,3971280,2520,0,0,49688,0,0,0,0,1680
596,350,840,42775,6698,0,3971280,2520,0,0,49688,0,0,0,0,1680
597,350,840,42775,6698,0,3971280,2520,0,0,49688,0,0,0,0,1680
598,350,840,42775,6698,0,3971280,2520,0,0,49688,0,0,0,0,1680
599,350,840,42775,6698,0,3971280,2520,0,0,49688,0,0,0,0,1680
600,350,840,42775,6698,0,3971280,2520,0,0,49688,0,0,0,0,1680
601,350,840,42775,6698,0,3971280,2520,0,0,49688,0,0,0,0,1680
602,350,840,42775,6698,0,3971280,2520,0,0,49688,0,0,0,0,1680
603,350,840,42775,6698,0,3971280,2520,0,0,49688,0,0,0,0,1680
604,350,840,42775,6698,0,3971280,2520,0,0,49688,0,0,0,0,1680
605,350,840,42775,6698,0,3971280,2520,0,0,49688,0,0,0,0,1680
606,350,840,42775,6698,0,3971280,2520,0,0,49688,0,0,0,0,1680
607,350,840,42775,6698,0,3971280,2520,0,0,49688,0,0,0,0,1680
608,350,840,42775,6698,0,3971280,2520,0,0,49688,0,0,0,0,1680
609,350,840,42775,6698,0,3971280,2520,0,0,49688,0,0,0,0,1680
610,350,840,42775,6698,0,3971280,2520,0,0,49688,0,0,0,0,1680
611,350,840,42775,6698,0,3971280,2520,0,0,49688,0,0,0,0,1680
612,350,840,42775,6698,0,3971280,2520,0,0,49688,0,0,0,0,1680
613,350,840,42775,6698,0,3971280,2520,0,0,49688,0,0,0,0,1680
614,350,840,42775,6698,0,3971280,2520,0,0,49688,0,0,0,0,1680
615,350,840,42775,6698,0,3971280,2520,0,0,49688,0,0,0,0,1680
616,350,840,42775,6698,0,3971280,2520,0,0,49688,0,0,0,0,1680
617,350,840,42775,6698,0,3971280,2520,0,0,49688,0,0,0,0,1680
618,350,840,42775,6698,0,3971280,2520,0,0,49688,0,0,0,0,1680
619,350,840,42775,6698,0,3971280,2520,0,0,49688,0,0,0,0,1680
620,350,840,42775,6698,0,3971280,2520,0,0,49688,0,0,0,0,1680
621,350,840,42775,6698,0,3971280,2520,0,0,49688,0,0,0,0,1680
622,350,840,42775,6698,0,3971280,2520,0,0,49688,0,0,0,0,1680
623,350,840,42775,6698,0,3971280,2520,0,0,49688,0,0,0,0,1680
624,350,840,42775,6698,0,3971280,2520,0,0,49688,0,0,0,0,1680
625,350,840,42775,6698,0,3971280,2520,0,0,49688,0,0,0,0,1680
626,350,840,42775,6698,0,3971280,2520,0,0,49688,0,0,0,0,1680
627,350,840,42775,6698,0,3971280,2520,0,0,49688,0,0,0,0,1680
628,350,840,42775,6698,0,3971280,2520,0,0,49688,0,0,0,0,1680
629,350,840,42775,6698,0,3971280,2520,0,0,49688,0,0,0,0,1680
630,350,840,42775,6698,0,3971280,2520,0,0,49688,0,0,0,0,1680
631,350,840,42775,6698,0,3971280,2520,0,0,49688,0,0,0,0,1680
632,350,840,42775,6698,0,3971280,2520,0,0,49688,0,0,0,0,1680
633,350,840,42775,6698,0,3971280,2520,0,0,49688,0,0,0,0,1680
634,350,840,42775,6698,0,3971280,2520,0,0,49688,0,0,0,0,1680
635,350,840,42775,6698,0,3971280,2520,0,0,49688,0,0,0,0,1680
636,350,840,42775,6698,0,3971280,2520,0,0,49688,0,0,0,0,1680
637,350,840,42775,6698,0,3971280,2520,0,0,49688,0,0,0,0,1680
638,350,840,42775,6698,0,3971280,2520,0,0,49688,0,0,0,0,1680
639,350,840,42775,6698,0,3971280,2520,0,0,49688,0,0,0,0,1680
640,350,840,42775,6698,0,3971280,2520,0,0,49688,0,0,0,0,1680
641,350,840,42775,6698,0,3971280,2520,0,0,49688,0,0,0,0,1680
642,350,840,42775,6698,0,3971280,2520,0,0,49688,0,0,0,0,1680
643,350,840,42775,6698,0,3971280,2520,0,0,49688,0,0,0,0,1680
644,350,840,42775,6698,0,3971280,2520,0,0,49688,0,0,0,0,1680
645,350,840,42775,6698,0,3971280,2520,0,0,49688,0,0,0,0,1680
646,350,840,42775,6698,0,3971280,2520,0,0,49688,0,0,0,0,1680
647,350,840,42775,6698,0,3971280,2520,0,0,49688,0,0,0,0,1680
648,350,840,42775,6698,0,3971280,2520,0,0,49688,0,0,0,0,1680
649,350,840,42775,6698,0,3971280,2520,0,0,49688,0,0,0,0,1680
650,350,840,42775,6698,0,3971280,2520,0,0,49688,0,0,0,0,1680
651,350,840,42775,6698,0,3971280,2520,0,0,49688,0,0,0,0,1680
652,350,840,42775,6698,0,3971280,2520,0,0,49688,0,0,0,0,1680
653,350,840,42775,6698,0,3971280,2520,0,0,49688,0,0,0,0,1680
654,350,840,42775,6698,0,3971280,2520,0,0,49688,0,0,0,0,1680
655,350,840,42775,6698,0,3971280,2520,0,0,49688,0,0,0,0,1680
656,350,840,42775,6698,0,3971280,2520,0,0,49688,0,0,0,0,1680
657,350,840,42775,6698,0,3971280,2520,0,0,49688,0,0,0,0,1680
658,350,840,42775,6698,0,3971280,2520,0,0,49688,0,0,0,0,1680
659,350,840,42775,6698,0,3971280,2520,0,0,49688,0,0,0,0,1680
660,350,840,42775,6698,0,3971280,2520,0,0,49688,0,0,0,0,1680
661,350,840,42775,6698,0,3971280,2520,0,0,49688,0,0,0,0,1680
662,350,840,42775,6698,0,3971280,2520,0,0,49688,0,0,0,0,1680
663,350,840,42775,6698,0,3971280,2520,0,0,49688,0,0,0,0,1680
664,350,840,42775,6698,0,3971280,2520,0,0,49688,0,0,0,0,1680
665,350,840,42775,6698,0,3971280,2520,0,0,49688,0,0,0,0,1680
666,350,840,42775,6698,0,3971280,2520,0,0,49688,0,0,0,0,1680
667,350,840,42775,6698,0,3971280,2520,0,0,49688,0,0,0,0,1680
668,350,840,42775,6698,0,3971280,2520,0,0,49688,0,0,0,0,1680
669,350,840,42775,6698,0,3971280,2520,0,0,49688,0,0,0,0,1680
670,350,840,42775,6698,0,3971280,2520,0,0,49688,0,0,0,0,1680
671,350,840,42775,6698,0,3971280,2520,0,0,49688,0,0,0,0,1680
672,350,840,42775,6698,0,3971280,2520,0,0,49688,0,0,0,0,1680
673,350,840,42775,6698,0,3971280,2520,0,0,49688,0,0,0,0,1680
674,350,840,42775,6698,0,3971280,2520,0,0,49688,0,0,0,0,1680
675,350,840,42775,6698,0,3971280,2520,0,0,49688,0,0,0,0,1680
676,350,840,42775,6698,0,3971280,2520,0,0,49688,0,0,0,0,1680
677,350,840,42775,6698,0,3971280,2520,0,0,49688,0,0,0,0,1680
678,350,840,42775,6698,0,3971280,2520,0,0,49688,0,0,0,0,1680
679,350,840,42775,6698,0,3971280,2520,0,0,49688,0,0,0,0,1680
680,350,840,42775,6698,0,3971280,2520,0,0,49688,0,0,0,0,1680
681,350,840,42775,6698,0,3971280,2520,0,0,49688,0,0,0,0,1680
682,350,840,42775,6698,0,3971280,2520,0,0,49688,0,0,0,0,1680
683,350,840,42775,6698,0,3971280,2520,0,0,49688,0,0,0,0,1680
684,350,840,42775,6698,0,3971280,2520,0,0,49688,0,0,0,0,1680
685,350,840,42775,6698,0,3971280,2520,0,0,49688,0,0,0,0,1680
686,350,840,42775,6698,0,3971280,2520,0,0,49688,0,0,0,0,1680
687,350,840,42775,6698,0,3971280,2520,0,0,49688,0,0,0,0,1680
688,350,840,42775,6698,0,3971280,2520,0,0,49688,0,0,0,0,1680
689,350,840,42775,6698,0,3971280,2520,0,0,49688,0,0,0,0,1680
690,350,840,42775,6698,0,3971280,2520,0,0,49688,0,0,0,0,1680
691,350,840,42775,6698,0,3971280,2520,0,0,49688,0,0,0,0,1680
692,350,840,42775,6698,0,3971280,2520,0,0,49688,0,0,0,0,1680
693,350,840,42775,6698,0,3971280,2520,0,0,49688,0,0,0,0,1680
694,350,840,42775,6698,0,3971280,2520,0,0,49688,0,0,0,0,1680
695,350,840,42775,6698,0,3971280,2520,0,0,49688,0,0,0,0,1680
696,350,840,42775,6698,0,3971280,2520,0,0,49688,0,0,0,0,1680
697,350,840,42775,6698,0,3971280,2520,0,0,49688,0,0,0,0,1680
698,350,840,42775,6698,0,3971280,2520,0,0,49688,0,0,0,0,1680
699,350,840,42775,6698,0,3971280,2520,0,0,49688,0,0,0,0,1680
700,350,840,42775,6698,0,3971280,2520,0,0,49688,0,0,0,0,1680
701,350,840,42775,6698,0,3971280,2520,0,0,49688,0,0,0,0,1680
702,350,840,42775,6698,0,3971280,2520,0,0,49688,0,0,0,0,1680
703,350,840,42775,6698,0,3971280,2520,0,0,49688,0,0,0,0,1680
704,350,840,42775,6698,0,3971280,2520,0,0,49688,0,0,0,0,1680
705,350,840,42775,6698,0,3971280,2520,0,0,49688,0,0,0,0,1680
706,350,840,42775,6698,0,3971280,2520,0,0,49688,0,0,0,0,1680
707,350,840,42775,6698,0,3971280,2520,0,0,49688,0,0,0,0,1680
708,350,840,42775,6698,0,3971280,2520,0,0,49688,0,0,0,0,1680
709,350,840,42775,6698,0,3971280,2520,0,0,49688,0,0,0,0,1680
710,350,840,42775,6698,0,3971280,2520,0,0,49688,0,0,0,0,1680
711,350,840,42775,6698,0,3971280,2520,0,0,49688,0,0,0,0,1680
712,350,840,42775,6698,0,3971280,2520,0,0,49688,0,0,0,0,1680
713,350,840,42775,6698,0,3971280,2520,0,0,49688,0,0,0,0,1680
714,350,840,42775,6698,0,3971280,2520,0,0,49688,0,0,0,0,1680
715,350,840,42775,6698,0,3971280,2520,0,0,49688,0,0,0,0,1680
716,350,840,42775,6698,0,3971280,2520,0,0,49688,0,0,0,0,1680
717,350,840,42775,6698,0,3971280,2520,0,0,49688,0,0,0,0,1680
718,350,840,42775,6698,0,3971280,2520,0,0,49688,0,0,0,0,1680
719,350,840,42775,6698,0,3971280,2520,0,0,49688,0,0,0,0,1680
720,350,840,42775,6698,0,3971280,2520,0,0,49688,0,0,0,0,1680
721,350,840,42775,6698,0,3971280,2520,0,0,49688,0,0,0,0,1680
722,350,840,42775,6698,0,3971280,2520,0,0,49688,0,0,0,0,1680
723,350,840,42775,6698,0,3971280,2520,0,0,49688,0,0,0,0,1680
724,350,840,42775,6698,0,3971280,2520,0,0,49688,0,0,0,0,1680
725,350,840,42775,6698,0,3971280,2520,0,0,49688,0,0,0,0,1680
726,350,840,42775,6698,0,3971280,2520,0,0,49688,0,0,0,0,1680
727,350,840,42775,6698,0,3971280,2520,0,0,49688,0,0,0,0,1680
728,350,840,42775,6698,0,3971280,2520,0,0,49688,0,0,0,0,1680
729,350,840,42775,6698,0,3971280,2520,0,0,49688,0,0,0,0,1680
730,350,840,42775,6698,0,3971280,2520,0,0,49688,0,0,0,0,1680
731,350,840,42775,6698,0,3971280,2520,0,0,49688,0,0,0,0,1680
732,350,840,42775,6698,0,3971280,2520,0,0,49688,0,0,0,0,1680
733,350,840,42775,6698,0,3971280,2520,0,0,49688,0,0,0,0,1680
734,350,840,42775,6698,0,3971280,2520,0,0,49688,0,0,0,0,1680
735,350,840,42775,6698,0,3971280,2520,0,0,49688,0,0,0,0,1680
736,350,840,42775,6698,0,3971280,2520,0,0,49688,0,0,0,0,1680
737,350,840,42775,6698,0,3971280,2520,0,0,49688,0,0,0,0,1680
738,350,840,42775,6698,0,3971280,2520,0,0,49688,0,0,0,0,1680
739,350,840,42775,6698,0,3971280,2520,0,0,49688,0,0,0,0,1680
740,350,840,42775,6698,0,3971280,2520,0,0,49688,0,0,0,0,1680
741,350,840,42775,6698,0,3971280,2520,0,0,49688,0,0,0,0,1680
742,350,840,42775,6698,0,3971280,2520,0,0,49688,0,0,0,0,1680
743,350,840,42775,6698,0,3971280,2520,0,0,49688,0,0,0,0,1680
744,350,840,42775,6698,0,3971280,2520,0,0,49688,0,0,0,0,1680
745,350,840,42775,6698,0,3971280,2520,0,0,49688,0,0,0,0,1680
746,350,840,42775,6698,0,3971280,2520,0,0,49688,0,0,0,0,1680
747,350,840,42775,6698,0,3971280,2520,0,0,49688,0,0,0,0,1680
748,350,840,42775,6698,0,3971280,2520,0,0,49688,0,0,0,0,1680
749,350,840,42775,6698,0,3971280,2520,0,0,49688,0,0,0,0,1680
750,350,840,42775,6698,0,3971280,2520,0,0,49688,0,0,0,0,1680
751,350,840,42775,6698,0,3971280,2520,0,0,49688,0,0,0,0,1680
752,350,840,42775,6698,0,3971280,2520,0,0,49688,0,0,0,0,1680
753,350,840,42775,6698,0,3971280,2520,0,0,49688,0,0,0,0,1680
754,350,840,42775,6698,0,3971280,2520,0,0,49688,0,0,0,0,1680
755,350,840,42775,6698,0,3971280,2520,0,0,49688,0,0,0,0,1680
756,350,840,42775,6698,0,3971280,2520,0,0,49688,0,0,0,0,1680
757,350,840,42775,6698,0,3971280,2520,0,0,49688,0,0,0,0,1680
758,350,840,42775,6698,0,3971280,2520,0,0,49688,0,0,0,0,1680
759,350,840,42775,6698,0,3971280,2520,0,0,49688,0,0,0,0,1680
760,350,840,42775,6698,0,3971280,2520,0,0,49688,0,0,0,0,1680
761,350,840,42775,6698,0,3971280,2520,0,0,49688,0,0,0,0,1680
762,350,840,42775,6698,0,3971280,2520,0,0,49688,0,0,0,0,1680
763,350,840,42775,6698,0,3971280,2520,0,0,49688,0,0,0,0,1680
764,350,840,42775,6698,0,3971280,2520,0,0,49688,0,0,0,0,1680
765,350,840,42775,6698,0,3971280,2520,0,0,49688,0,0,0,0,1680
766,350,840,42775,6698,0,3971280,2520,0,0,49688,0,0,0,0,1680
767,350,840,42775,6698,0,3971280,2520,0,0,49688,0,0,0,0,1680
768,350,840,42775,6698,0,3971280,2520,0,0,49688,0,0,0,0,1680
769,350,840,42775,6698,0,3971280,2520,0,0,49688,0,0,0,0,1680
770,350,840,42775,6698,0,3971280,2520,0,0,49688,0,0,0,0,1680
771,350,840,42775,6698,0,3971280,2520,0,0,49688,0,0,0,0,1680
772,350,840,42775,6698,0,3971280,2520,0,0,49688,0,0,0,0,1680
773,350,840,42775,6698,0,3971280,2520,0,0,49688,0,0,0,0,1680
774,350,840,42775,6698,0,3971280,2520,0,0,49688,0,0,0,0,1680
775,350,840,42775,6698,0,3971280,2520,0,0,49688,0,0,0,0,1680
776,350,840,42775,6698,0,3971280,2520,0,0,49688,0,0,0,0,1680
777,350,840,42775,6698,0,3971280,2520,0,0,49688,0,0,0,0,1680
778,350,840,42775,6698,0,3971280,2520,0,0,49688,0,0,0,0,1680
779,350,840,42775,6698,0,3971280,2520,0,0,49688,0,0,0,0,1680
780,350,840,42775,6698,0,3971280,2520,0,0,49688,0,0,0,0,1680
781,350,840,42775,6698,0,3971280,2520,0,0,49688,0,0,0,0,1680
782,350,840,42775,6698,0,3971280,2520,0,0,49688,0,0,0,0,1680
783,350,840,42775,6698,0,3971280,2520,0,0,49688,0,0,0,0,1680
784,350,840,42775,6698,0,3971280,2520,0,0,49688,0,0,0,0,1680
785,350,840,42775,6698,0,3971280,2520,0,0,49688,0,0,0,0,1680
786,350,840,42775,6698,0,3971280,2520,0,0,49688,0,0,0,0,1680
787,350,840,42775,6698,0,3971280,2520,0,0,49688,0,0,0,0,1680
788,350,840,42775,6698,0,3971280,2520,0,0,49688,0,0,0,0,1680
789,350,840,42775,6698,0,3971280,2520,0,0,49688,0,0,0,0,1680
790,350,840,42775,6698,0,3971280,2520,0,0,49688,0,0,0,0,1680
791,350,840,42775,6698,0,3971280,2520,0,0,49688,0,0,0,0,1680
792,350,840,42775,6698,0,3971280,2520,0,0,49688,0,0,0,0,1680
793,350,840,42775,6698,0,3971280,2520,0,0,49688,0,0,0,0,1680
794,350,840,42775,6698,0,3971280,2520,0,0,49688,0,0,0,0,1680
795,350,840,42775,6698,0,3971280,2520,0,0,49688,0,0,0,0,1680
796,350,840,42775,6698,0,3971280,2520,0,0,49688,0,0,0,0,1680
797,350,840,42775,6698,0,3971280,2520,0,0,49688,0,0,0,0,1680
798,350,840,42775,6698,0,3971280,2520,0,0,49688,0,0,0,0,1680
799,350,840,42775,6698,0,3971280,2520,0,0,49688,0,0,0,0,1680
800,350,840,42775,6698,0,3971280,2520,0,0,49688,0,0,0,0,1680
801,350,840,42775,6698,0,3971280,2520,0,0,49688,0,0,0,0,1680
802,350,840,42775,6698,0,3971280,2520,0,0,49688,0,0,0,0,1680
803,350,840,42775,6698,0,3971280,2520,0,0,49688,0,0,0,0,1680
804,350,840,42775,6698,0,3971280,2520,0,0,49688,0,0,0,0,1680
805,350,840,42775,6698,0,3971280,2520,0,0,49688,0,0,0,0,1680
806,350,840,42775,6698,0,3971280,2520,0,0,49688,0,0,0,0,1680
807,350,840,42775,6698,0,3971280,2520,0,0,49688,0,0,0,0,1680
808,350,840,42775,6698,0,3971280,2520,0,0,49688,0,0,0,0,1680
809,350,840,42775,6698,0,3971280,2520,0,0,49688,0,0,0,0,1680
810,350,840,42775,6698,0,3971280,2520,0,0,49688,0,0,0,0,1680
811,350,840,42775,6698,0,3971280,2520,0,0,49688,0,0,0,0,1680
812,350,840,42775,6698,0,3971280,2520,0,0,49688,0,0,0,0,1680
813,350,840,42775,6698,0,3971280,2520,0,0,49688,0,0,0,0,1680
814,350,840,42775,6698,0,3971280,2520,0,0,49688,0,0,0,0,1680
815,350,840,42775,6698,0,3971280,2520,0,0,49688,0,0,0,0,1680
816,350,840,42775,6698,0,3971280,2520,0,0,49688,0,0,0,0,1680
817,350,840,42775,6698,0,3971280,2520,0,0,49688,0,0,0,0,1680
818,350,840,42775,6698,0,3971280,2520,0,0,49688,0,0,0,0,1680
819,350,840,42775,6698,0,3971280,2520,0,0,49688,0,0,0,0,1680
820,350,840,42775,6698,0,3971280,2520,0,0,49688,0,0,0,0,1680
821,350,840,42775,6698,0,3971280,2520,0,0,49688,0,0,0,0,1680
822,350,840,42775,6698,0,3971280,2520,0,0,49688,0,0,0,0,1680
823,350,840,42775,6698,0,3971280,2520,0,0,49688,0,0,0,0,1680
824,350,840,42775,6698,0,3971280,2520,0,0,49688,0,0,0,0,1680
825,350,840,42775,6698,0,3971280,2520,0,0,49688,0,0,0,0,1680
826,350,840,42775,6698,0,3971280,2520,0,0,49688,0,0,0,0,1680
827,350,840,42775,6698,0,3971280,2520,0,0,49688,0,0,0,0,1680
828,350,840,42775,6698,0,3971280,2520,0,0,49688,0,0,0,0,1680
829,350,840,42775,6698,0,3971280,2520,0,0,49688,0,0,0,0,1680
830,350,840,42775,6698,0,3971280,2520,0,0,49688,0,0,0,0,1680
831,350,840,42775,6698,0,3971280,2520,0,0,49688,0,0,0,0,1680
832,350,840,42775,6698,0,3971280,2520,0,0,49688,0,0,0,0,1680
833,350,840,42775,6698,0,3971280,2520,0,0,49688,0,0,0,0,1680
834,350,840,42775,6698,0,3971280,2520,0,0,49688,0,0,0,0,1680
835,350,840,42775,6698,0,3971280,2520,0,0,49688,0,0,0,0,1680
836,350,840,42775,6698,0,3971280,2520,0,0,49688,0,0,0,0,1680
837,350,840,42775,6698,0,3971280,2520,0,0,49688,0,0,0,0,1680
838,350,840,42775,6698,0,3971280,2520,0,0,49688,0,0,0,0,1680
839,350,840,42775,6698,0,3971280,2520,0,0,49688,0,0,0,0,1680
840,350,840,42775,6698,0,3971280,2520,0,0,49688,0,0,0,0,1680
841,350,840,42775,6698,0,3971280,2520,0,0,49688,0,0,0,0,1680
842,350,840,42775,6698,0,3971280,2520,0,0,49688,0,0,0,0,1680
843,350,840,42775,6698,0,3971280,2520,0,0,49688,0,0,0,0,1680
844,350,840,42775,6698,0,3971280,2520,0,0,49688,0,0,0,0,1680
845,350,840,42775,6698,0,3971280,2520,0,0,49688,0,0,0,0,1680
846,350,840,42775,6698,0,3971280,2520,0,0,49688,0,0,0,0,1680
847,350,840,42775,6698,0,3971280,2520,0,0,49688,0,0,0,0,1680
848,350,840,42775,6698,0,3971280,2520,0,0,49688,0,0,0,0,1680
849,350,840,42775,6698,0,3971280,2520,0,0,49688,0,0,0,0,1680
850,350,840,42775,6698,0,3971280,2520,0,0,49688,0,0,0,0,1680
851,350,840,42775,6698,0,3971280,2520,0,0,49688,0,0,0,0,1680
852,350,840,42775,6698,0,3971280,2520,0,0,49688,0,0,0,0,1680
853,350,840,42775,6698,0,3971280,2520,0,0,49688,0,0,0,0,1680
854,350,840,42775,6698,0,3971280,2520,0,0,49688,0,0,0,0,1680
855,350,840,42775,6698,0,3971280,2520,0,0,49688,0,0,0,0,1680
856,350,840,42775,6698,0,3971280,2520,0,0,49688,0,0,0,0,1680
857,350,840,42775,6698,0,3971280,2520,0,0,49688,0,0,0,0,1680
858,350,840,42775,6698,0,3971280,2520,0,0,49688,0,0,0,0,1680
859,350,840,42775,6698,0,3971280,2520,0,0,49688,0,0,0,0,1680
860,350,840,42775,6698,0,3971280,2520,0,0,49688,0,0,0,0,1680
861,350,840,42775,6698,0,3971280,2520,0,0,49688,0,0,0,0,1680
862,350,840,42775,6698,0,3971280,2520,0,0,49688,0,0,0,0,1680
863,350,840,42775,6698,0,3971280,2520,0,0,49688,0,0,0,0,1680
864,350,840,42775,6698,0,3971280,2520,0,0,49688,0,0,0,0,1680
865,350,840,42775,6698,0,3971280,2520,0,0,49688,0,0,0,0,1680
866,350,840,42775,6698,0,3971280,2520,0,0,49688,0,0,0,0,1680
867,350,840,42775,6698,0,3971280,2520,0,0,49688,0,0,0,0,1680
868,350,840,42775,6698,0,3971280,2520,0,0,49688,0,0,0,0,1680
869,350,840,42775,6698,0,3971280,2520,0,0,49688,0,0,0,0,1680
870,350,840,42775,6698,0,3971280,2520,0,0,49688,0,0,0,0,1680
871,350,840,42775,6698,0,3971280,2520,0,0,49688,0,0,0,0,1680
872,350,840,42775,6698,0,3971280,2520,0,0,49688,0,0,0,0,1680
873,350,840,42775,6698,0,3971280,2520,0,0,49688,0,0,0,0,1680
874,350,840,42775,6698,0,3971280,2520,0,0,49688,0,0,0,0,1680
875,350,840,42775,6698,0,3971280,2520,0,0,49688,0,0,0,0,1680
876,350,840,42775,6698,0,3971280,2520,0,0,49688,0,0,0,0,1680
877,350,840,42775,6698,0,3971280,2520,0,0,49688,0,0,0,0,1680
878,350,840,42775,6698,0,3971280,2520,0,0,49688,0,0,0,0,1680
879,350,840,42775,6698,0,3971280,2520,0,0,49688,0,0,0,0,1680
880,350,840,42775,6698,0,3971280,2520,0,0,49688,0,0,0,0,1680
881,350,840,42775,6698,0,3971280,2520,0,0,49688,0,0,0,0,1680
882,350,840,42775,6698,0,3971280,2520,0,0,49688,0,0,0,0,1680
883,350,840,42775,6698,0,3971280,2520,0,0,49688,0,0,0,0,1680
884,350,840,42775,6698,0,3971280,2520,0,0,49688,0,0,0,0,1680
885,350,840,42775,6698,0,3971280,2520,0,0,49688,0,0,0,0,1680
886,350,840,42775,6698,0,3971280,2520,0,0,49688,0,0,0,0,1680
887,350,840,42775,6698,0,3971280,2520,0,0,49688,0,0,0,0,1680
888,350,840,42775,6698,0,3971280,2520,0,0,49688,0,0,0,0,1680
889,350,840,42775,6698,0,3971280,2520,0,0,49688,0,0,0,0,1680
890,350,840,42775,6698,0,3971280,2520,0,0,49688,0,0,0,0,1680
891,350,840,42775,6698,0,3971280,2520,0,0,49688,0,0,0,0,1680
892,350,840,42775,6698,0,3971280,2520,0,0,49688,0,0,0,0,1680
893,350,840,42775,6698,0,3971280,2520,0,0,49688,0,0,0,0,1680
894,350,840,42775,6698,0,3971280,2520,0,0,49688,0,0,0,0,1680
895,350,840,42775,6698,0,3971280,2520,0,0,49688,0,0,0,0,1680
896,350,840,42775,6698,0,3971280,2520,0,0,49688,0,0,0,0,1680
897,350,840,42775,6698,0,3971280,2520,0,0,49688,0,0,0,0,1680
898,350,840,42775,6698,0,3971280,2520,0,0,49688,0,0,0,0,1680
899,350,840,42775,6698,0,3971280,2520,0,0,49688,0,0,0,0,1680
900,350,840,42775,6698,0,3971280,2520,0,0,49688,0,0,0,0,1680
901,350,840,42775,6698,0,3971280,2520,0,0,49688,0,0,0,0,1680
902,350,840,42775,6698,0,3971280,2520,0,0,49688,0,0,0,0,1680
903,350,840,42775,6698,0,3971280,2520,0,0,49688,0,0,0,0,1680
904,350,840,42775,6698,0,3971280,2520,0,0,49688,0,0,0,0,1680
905,350,840,42775,6698,0,3971280,2520,0,0,49688,0,0,0,0,1680
906,350,840,42775,6698,0,3971280,2520,0,0,49688,0,0,0,0,1680
907,350,840,42775,6698,0,3971280,2520,0,0,49688,0,0,0,0,1680
908,350,840,42775,6698,0,3971280,2520,0,0,49688,0,0,0,0,1680
909,350,840,42775,6698,0,3971280,2520,0,0,49688,0,0,0,0,1680
910,350,840,42775,6698,0,3971280,2520,0,0,49688,0,0,0,0,1680
911,350,840,42775,6698,0,3971280,2520,0,0,49688,0,0,0,0,1680
912,350,840,42775,6698,0,3971280,2520,0,0,49688,0,0,0,0,1680
913,350,840,42775,6698,0,3971280,2520,0,0,49688,0,0,0,0,1680
914,350,840,42775,6698,0,3971280,2520,0,0,49688,0,0,0,0,1680
915,350,840,42775,6698,0,3971280,2520,0,0,49688,0,0,0,0,1680
916,350,840,42775,6698,0,3971280,2520,0,0,49688,0,0,0,0,1680
917,350,840,42775,6698,0,3971280,2520,0,0,49688,0,0,0,0,1680
918,350,840,42775,6698,0,3971280,2520,0,0,49688,0,0,0,0,1680
919,350,840,42775,6698,0,3971280,2520,0,0,49688,0,0,0,0,1680
920,350,840,42775,6698,0,3971280,2520,0,0,49688,0,0,0,0,1680
921,350,840,42775,6698,0,3971280,2520,0,0,49688,0,0,0,0,1680
922,350,840,42775,6698,0,3971280,2520,0,0,49688,0,0,0,0,1680
923,350,840,42775,6698,0,3971280,2520,0,0,49688,0,0,0,0,1680
924,350,840,42775,6698,0,3971280,2520,0,0,49688,0,0,0,0,1680
925,350,840,42775,6698,0,3971280,2520,0,0,49688,0,0,0,0,1680
926,350,840,42775,6698,0,3971280,2520,0,0,49688,0,0,0,0,1680
927,350,840,42775,6698,0,3971280,2520,0,0,49688,0,0,0,0,1680
928,350,840,42775,6698,0,3971280,2520,0,0,49688,0,0,0,0,1680
929,350,840,42775,6698,0,3971280,2520,0,0,49688,0,0,0,0,1680
930,350,840,42775,6698,0,3971280,2520,0,0,49688,0,0,0,0,1680
931,350,840,42775,6698,0,3971280,2520,0,0,49688,0,0,0,0,1680
932,350,840,42775,6698,0,3971280,2520,0,0,49688,0,0,0,0,1680
933,350,840,42775,6698,0,3971280,2520,0,0,49688,0,0,0,0,1680
934,350,840,42775,6698,0,3971280,2520,0,0,49688,0,0,0,0,1680
935,350,840,42775,6698,0,3971280,2520,0,0,49688,0,0,0,0,1680
936,350,840,42775,6698,0,3971280,2520,0,0,49688,0,0,0,0,1680
937,350,840,42775,6698,0,3971280,2520,0,0,49688,0,0,0,0,1680
938,350,840,42775,6698,0,3971280,2520,0,0,49688,0,0,0,0,1680
939,350,840,42775,6698,0,3971280,2520,0,0,49688,0,0,0,0,1680
940,350,840,42775,6698,0,3971280,2520,0,0,49688,0,0,0,0,1680
941,350,840,42775,6698,0,3971280,2520,0,0,49688,0,0,0,0,1680
942,350,840,42775,6698,0,3971280,2520,0,0,49688,0,0,0,0,1680
943,350,840,42775,6698,0,3971280,2520,0,0,49688,0,0,0,0,1680
944,350,840,42775,6698,0,3971280,2520,0,0,49688,0,0,0,0,1680
945,350,840,42775,6698,0,3971280,2520,0,0,49688,0,0,0,0,1680
946,350,840,42775,6698,0,3971280,2520,0,0,49688,0,0,0,0,1680
947,350,840,42775,6698,0,3971280,2520,0,0,49688,0,0,0,0,1680
948,350,840,42775,6698,0,3971280,2520,0,0,49688,0,0,0,0,1680
949,350,840,42775,6698,0,3971280,2520,0,0,49688,0,0,0,0,1680
950,350,840,42775,6698,0,3971280,2520,0,0,49688,0,0,0,0,1680
951,350,840,42775,6698,0,3971280,2520,0,0,49688,0,0,0,0,1680
952,350,840,42775,6698,0,3971280,2520,0,0,49688,0,0,0,0,1680
953,350,840,42775,6698,0,3971280,2520,0,0,49688,0,0,0,0,1680
954,350,840,42775,6698,0,3971280,2520,0,0,49688,0,0,0,0,1680
955,350,840,42775,6698,0,3971280,2520,0,0,49688,0,0,0,0,1680
956,350,840,42775,6698,0,3971280,2520,0,0,49688,0,0,0,0,1680
957,350,840,42775,6698,0,3971280,2520,0,0,49688,0,0,0,0,1680
958,350,840,42775,6698,0,3971280,2520,0,0,49688,0,0,0,0,1680
959,350,840,42775,6698,0,3971280,2520,0,0,49688,0,0,0,0,1680
960,350,840,42775,6698,0,3971280,2520,0,0,49688,0,0,0,0,1680
961,350,840,42775,6698,0,3971280,2520,0,0,49688,0,0,0,0,1680
962,350,840,42775,6698,0,3971280,2520,0,0,49688,0,0,0,0,1680
963,350,840,42775,6698,0,3971280,2520,0,0,49688,0,0,0,0,1680
964,350,840,42775,6698,0,3971280,2520,0,0,49688,0,0,0,0,1680
965,350,840,42775,6698,0,3971280,2520,0,0,49688,0,0,0,0,1680
966,350,840,42775,6698,0,3971280,2520,0,0,49688,0,0,0,0,1680
967,350,840,42775,6698,0,3971280,2520,0,0,49688,0,0,0,0,1680
968,350,840,42775,6698,0,3971280,2520,0,0,49688,0,0,0,0,1680
969,350,840,42775,6698,0,3971280,2520,0,0,49688,0,0,0,0,1680
970,350,840,42775,6698,0,3971280,2520,0,0,49688,0,0,0,0,1680
971,350,840,42775,6698,0,3971280,2520,0,0,49688,0,0,0,0,1680
972,350,840,42775,6698,0,3971280,2520,0,0,49688,0,0,0,0,1680
973,350,840,42775,6698,0,3971280,2520,0,0,49688,0,0,0,0,1680
974,350,840,42775,6698,0,3971280,2520,0,0,49688,0,0,0,0,1680
975,350,840,42775,6698,0,3971280,2520,0,0,49688,0,0,0,0,1680
976,350,840,42775,6698,0,3971280,2520,0,0,49688,0,0,0,0,1680
977,350,840,42775,6698,0,3971280,2520,0,0,49688,0,0,0,0,1680
978,350,840,42775,6698,0,3971280,2520,0,0,49688,0,0,0,0,1680
979,350,840,42775,6698,0,3971280,2520,0,0,49688,0,0,0,0,1680
980,350,840,42775,6698,0,3971280,2520,0,0,49688,0,0,0,0,1680
981,350,840,42775,6698,0,3971280,2520,0,0,49688,0,0,0,0,1680
982,350,840,42775,6698,0,3971280,2520,0,0,49688,0,0,0,0,1680
983,350,840,42775,6698,0,3971280,2520,0,0,49688,0,0,0,0,1680
984,350,840,42775,6698,0,3971280,2520,0,0,49688,0,0,0,0,1680
985,350,840,42775,6698,0,3971280,2520,0,0,49688,0,0,0,0,1680
986,350,840,42775,6698,0,3971280,2520,0,0,49688,0,0,0,0,1680
987,350,840,42775,6698,0,3971280,2520,0,0,49688,0,0,0,0,1680
988,350,840,42775,6698,0,3971280,2520,0,0,49688,0,0,0,0,1680
989,350,840,42775,6698,0,3971280,2520,0,0,49688,0,0,0,0,1680
990,350,840,42775,6698,0,3971280,2520,0,0,49688,0,0,0,0,1680
991,350,840,42775,6698,0,3971280,2520,0,0,49688,0,0,0,0,1680
992,350,840,42775,6698,0,3971280,2520,0,0,49688,0,0,0,0,1680
993,350,840,42775,6698,0,3971280,2520,0,0,49688,0,0,0,0,1680
994,350,840,42775,6698,0,3971280,2520,0,0,49688,0,0,0,0,1680
995,350,840,42775,6698,0,3971280,2520,0,0,49688,0,0,0,0,1680
996,350,840,42775,6698,0,3971280,2520,0,0,49688,0,0,0,0,1680
997,350,840,42775,6698,0,3971280,2520,0,0,49688,0,0,0,0,1680
998,350,840,42775,6698,0,3971280,2520,0,0,49688,0,0,0,0,1680
999,350,840,42775,6698,0,3971280,2520,0,0,49688,0,0,0,0,1680
1000,350,840,42775,6698,0,3971280,2520,0,0,49688,0,0,0,0,1680
1001,350,840,42775,6698,0,3971280,2520,0,0,49688,0,0,0,0,1680
1002,350,840,42775,6698,0,3971280,2520,0,0,49688,0,0,0,0,1680
1003,350,840,42775,6698,0,3971280,2520,0,0,49688,0,0,0,0,1680
1004,350,840,42775,6698,0,3971280,2520,0,0,49688,0,0,0,0,1680
1005,350,840,42775,6698,0,3971280,2520,0,0,49688,0,0,0,0,1680
1006,350,840,42775,6698,0,3971280,2520,0,0,49688,0,0,0,0,1680
1007,350,840,42775,6698,0,3971280,2520,0,0,49688,0,0,0,0,1680
1008,350,840,42775,6698,0,3971280,2520,0,0,49688,0,0,0,0,1680
1009,350,840,42775,6698,0,3971280,2520,0,0,49688,0,0,0,0,1680
1010,350,840,42775,6698,0,3971280,2520,0,0,49688,0,0,0,0,1680
1011,350,840,42775,6698,0,3971280,2520,0,0,49688,0,0,0,0,1680
1012,350,840,42775,6698,0,3971280,2520,0,0,49688,0,0,0,0,1680
1013,350,840,42775,6698,0,3971280,2520,0,0,49688,0,0,0,0,1680
1014,350,840,42775,6698,0,3971280,2520,0,0,49688,0,0,0,0,1680
1015,350,840,42775,6698,0,3971280,2520,0,0,49688,0,0,0,0,1680
1016,350,840,42775,6698,0,3971280,2520,0,0,49688,0,0,0,0,1680
1017,350,840,42775,6698,0,3971280,2520,0,0,49688,0,0,0,0,1680
1018,350,840,42775,6698,0,3971280,2520,0,0,49688,0,0,0,0,1680
1019,350,840,42775,6698,0,3971280,2520,0,0,49688,0,0,0,0,1680
1020,350,840,42775,6698,0,3971280,2520,0,0,49688,0,0,0,0,1680
1021,350,840,42775,6698,0,3971280,2520,0,0,49688,0,0,0,0,1680
1022,350,840,42775,6698,0,3971280,2520,0,0,49688,0,0,0,0,1680
1023,350,840,42775,6698,0,3971280,2520,0,0,49688,0,0,0,0,1680
1024,350,840,42775,6698,0,3971280,2520,0,0,49688,0,0,0,0,1680
1025,350,840,42775,6698,0,3971280,2520,0,0,49688,0,0,0,0,1680
1026,350,840,42775,6698,0,3971280,2520,0,0,49688,0,0,0,0,1680
1027,350,840,42775,6698,0,3971280,2520,0,0,49688,0,0,0,0,1680
1028,350,840,42775,6698,0,3971280,2520,0,0,49688,0,0,0,0,1680
1029,350,840,42775,6698,0,3971280,2520,0,0,49688,0,0,0,0,1680
1030,350,840,42775,6698,0,3971280,2520,0,0,49688,0,0,0,0,1680
1031,350,840,42775,6698,0,3971280,2520,0,0,49688,0,0,0,0,1680
1032,350,840,42775,6698,0,3971280,2520,0,0,49688,0,0,0,0,1680
1033,350,840,42775,6698,0,3971280,2520,0,0,49688,0,0,0,0,1680
1034,350,840,42775,6698,0,3971280,2520,0,0,49688,0,0,0,0,1680
1035,350,840,42775,6698,0,3971280,2520,0,0,49688,0,0,0,0,1680
1036,350,840,42775,6698,0,3971280,2520,0,0,49688,0,0,0,0,1680
1037,350,840,42775,6698,0,3971280,2520,0,0,49688,0,0,0,0,1680
1038,350,840,42775,6698,0,3971280,2520,0,0,49688,0,0,0,0,1680
1039,350,840,42775,6698,0,3971280,2520,0,0,49688,0,0,0,0,1680
1040,350,840,42775,6698,0,3971280,2520,0,0,49688,0,0,0,0,1680
1041,350,840,42775,6698,0,3971280,2520,0,0,49688,0,0,0,0,1680
1042,350,840,42775,6698,0,3971280,2520,0,0,49688,0,0,0,0,1680
1043,350,840,42775,6698,0,3971280,2520,0,0,49688,0,0,0,0,1680
1044,350,840,42775,6698,0,3971280,2520,0,0,49688,0,0,0,0,1680
1045,350,840,42775,6698,0,3971280,2520,0,0,49688,0,0,0,0,1680
1046,350,840,42775,6698,0,3971280,2520,0,0,49688,0,0,0,0,1680
1047,350,840,42775,6698,0,3971280,2520,0,0,49688,0,0,0,0,1680
1048,350,840,42775,6698,0,3971280,2520,0,0,49688,0,0,0,0,1680
1049,350,840,42775,6698,0,3971280,2520,0,0,49688,0,0,0,0,1680
1050,350,840,42775,6698,0,3971280,2520,0,0,49688,0,0,0,0,1680
1051,350,840,42775,6698,0,3971280,2520,0,0,49688,0,0,0,0,1680
1052,350,840,42775,6698,0,3971280,2520,0,0,49688,0,0,0,0,1680
1053,350,840,42775,6698,0,3971280,2520,0,0,49688,0,0,0,0,1680
1054,350,840,42775,6698,0,3971280,2520,0,0,49688,0,0,0,0,1680
1055,350,840,42775,6698,0,3971280,2520,0,0,49688,0,0,0,0,1680
1056,350,840,42775,6698,0,3971280,2520,0,0,49688,0,0,0,0,1680
1057,350,840,42775,6698,0,3971280,2520,0,0,49688,0,0,0,0,1680
1058,350,840,42775,6698,0,3971280,2520,0,0,49688,0,0,0,0,1680
1059,350,840,42775,6698,0,3971280,2520,0,0,49688,0,0,0,0,1680
1060,350,840,42775,6698,0,3971280,2520,0,0,49688,0,0,0,0,1680
1061,350,840,42775,6698,0,3971280,2520,0,0,49688,0,0,0,0,1680
1062,350,840,42775,6698,0,3971280,2520,0,0,49688,0,0,0,0,1680
1063,350,840,42775,6698,0,3971280,2520,0,0,49688,0,0,0,0,1680
1064,350,840,42775,6698,0,3971280,2520,0,0,49688,0,0,0,0,1680
1065,350,840,42775,6698,0,3971280,2520,0,0,49688,0,0,0,0,1680
1066,350,840,42775,6698,0,3971280,2520,0,0,49688,0,0,0,0,1680
1067,350,840,42775,6698,0,3971280,2520,0,0,49688,0,0,0,0,1680
1068,350,840,42775,6698,0,3971280,2520,0,0,49688,0,0,0,0,1680
1069,350,840,42775,6698,0,3971280,2520,0,0,49688,0,0,0,0,1680
1070,350,840,42775,6698,0,3971280,2520,0,0,49688,0,0,0,0,1680
1071,350,840,42775,6698,0,3971280,2520,0,0,49688,0,0,0,0,1680
1072,350,840,42775,6698,0,3971280,2520,0,0,49688,0,0,0,0,1680
1073,350,840,42775,6698,0,3971280,2520,0,0,49688,0,0,0,0,1680
1074,350,840,42775,6698,0,3971280,2520,0,0,49688,0,0,0,0,1680
1075,350,840,42775,6698,0,3971280,2520,0,0,49688,0,0,0,0,1680
1076,350,840,42775,6698,0,3971280,2520,0,0,49688,0,0,0,0,1680
1077,350,840,42775,6698,0,3971280,2520,0,0,49688,0,0,0,0,1680
1078,350,840,42775,6698,0,3971280,2520,0,0,49688,0,0,0,0,1680
1079,350,840,42775,6698,0,3971280,2520,0,0,49688,0,0,0,0,1680
1080,350,840,42775,6698,0,3971280,2520,0,0,49688,0,0,0,0,1680
1081,350,840,42775,6698,0,3971280,2520,0,0,49688,0,0,0,0,1680
1082,350,840,42775,6698,0,3971280,2520,0,0,49688,0,0,0,0,1680
1083,350,840,42775,6698,0,3971280,2520,0,0,49688,0,0,0,0,1680
1084,350,840,42775,6698,0,3971280,2520,0,0,49688,0,0,0,0,1680
1085,350,840,42775,6698,0,3971280,2520,0,0,49688,0,0,0,0,1680
1086,350,840,42775,6698,0,3971280,2520,0,0,49688,0,0,0,0,1680
1087,350,840,42775,6698,0,3971280,2520,0,0,49688,0,0,0,0,1680
1088,350,840,42775,6698,0,3971280,2520,0,0,49688,0,0,0,0,1680
1089,350,840,42775,6698,0,3971280,2520,0,0,49688,0,0,0,0,1680
1090,350,840,42775,6698,0,3971280,2520,0,0,49688,0,0,0,0,1680
1091,350,840,42775,6698,0,3971280,2520,0,0,49688,0,0,0,0,1680
1092,350,840,42775,6698,0,3971280,2520,0,0,49688,0,0,0,0,1680
1093,350,840,42775,6698,0,3971280,2520,0,0,49688,0,0,0,0,1680
1094,350,840,42775,6698,0,3971280,2520,0,0,49688,0,0,0,0,1680
1095,350,840,42775,6698,0,3971280,2520,0,0,49688,0,0,0,0,1680
1096,350,840,42775,6698,0,3971280,2520,0,0,49688,0,0,0,0,1680
1097,350,840,42775,6698,0,3971280,2520,0,0,49688,0,0,0,0,1680
1098,350,840,42775,6698,0,3971280,2520,0,0,49688,0,0,0,0,1680
1099,350,840,42775,6698,0,3971280,2520,0,0,49688,0,0,0,0,1680
1100,350,840,42775,6698,0,3971280,2520,0,0,49688,0,0,0,0,1680
1101,350,840,42775,6698,0,3971280,2520,0,0,49688,0,0,0,0,1680
1102,350,840,42775,6698,0,3971280,2520,0,0,49688,0,0,0,0,1680
1103,350,840,42775,6698,0,3971280,2520,0,0,49688,0,0,0,0,1680
1104,350,840,42775,6698,0,3971280,2520,0,0,49688,0,0,0,0,1680
1105,350,840,42775,6698,0,3971280,2520,0,0,49688,0,0,0,0,1680
1106,350,840,42775,6698,0,3971280,2520,0,0,49688,0,0,0,0,1680
1107,350,840,42775,6698,0,3971280,2520,0,0,49688,0,0,0,0,1680
1108,350,840,42775,6698,0,3971280,2520,0,0,49688,0,0,0,0,1680
1109,350,840,42775,6698,0,3971280,2520,0,0,49688,0,0,0,0,1680
1110,350,840,42775,6698,0,3971280,2520,0,0,49688,0,0,0,0,1680
1111,350,840,42775,6698,0,3971280,2520,0,0,49688,0,0,0,0,1680
1112,350,840,42775,6698,0,3971280,2520,0,0,49688,0,0,0,0,1680
1113,350,840,42775,6698,0,3971280,2520,0,0,49688,0,0,0,0,1680
1114,350,840,42775,6698,0,3971280,2520,0,0,49688,0,0,0,0,1680
1115,350,840,42775,6698,0,3971280,2520,0,0,49688,0,0,0,0,1680
1116,350,840,42775,6698,0,3971280,2520,0,0,49688,0,0,0,0,1680
1117,350,840,42775,6698,0,3971280,2520,0,0,49688,0,0,0,0,1680
1118,350,840,42775,6698,0,3971280,2520,0,0,49688,0,0,0,0,1680
1119,350,840,42775,6698,0,3971280,2520,0,0,49688,0,0,0,0,1680
1120,350,840,42775,6698,0,3971280,2520,0,0,49688,0,0,0,0,1680
1121,350,840,42775,6698,0,3971280,2520,0,0,49688,0,0,0,0,1680
1122,350,840,42775,6698,0,3971280,2520,0,0,49688,0,0,0,0,1680
1123,350,840,42775,6698,0,3971280,2520,0,0,49688,0,0,0,0,1680
1124,350,840,42775,6698,0,3971280,2520,0,0,49688,0,0,0,0,1680
1125,350,840,42775,6698,0,3971280,2520,0,0,49688,0,0,0,0,1680
1126,350,840,42775,6698,0,3971280,2520,0,0,49688,0,0,0,0,1680
1127,350,840,42775,6698,0,3971280,2520,0,0,49688,0,0,0,0,1680
1128,350,840,42775,6698,0,3971280,2520,0,0,49688,0,0,0,0,1680
1129,350,840,42775,6698,0,3971280,2520,0,0,49688,0,0,0,0,1680
1130,350,840,42775,6698,0,3971280,2520,0,0,49688,0,0,0,0,1680
1131,350,840,42775,6698,0,3971280,2520,0,0,49688,0,0,0,0,1680
1132,350,840,42775,6698,0,3971280,2520,0,0,49688,0,0,0,0,1680
1133,350,840,42775,6698,0,3971280,2520,0,0,49688,0,0,0,0,1680
1134,350,840,42775,6698,0,3971280,2520,0,0,49688,0,0,0,0,1680
1135,350,840,42775,6698,0,3971280,2520,0,0,49688,0,0,0,0,1680
1136,350,840,42775,6698,0,3971280,2520,0,0,49688,0,0,0,0,1680
1137,350,840,42775,6698,0,3971280,2520,0,0,49688,0,0,0,0,1680
1138,350,840,42775,6698,0,3971280,2520,0,0,49688,0,0,0,0,1680
1139,350,840,42775,6698,0,3971280,2520,0,0,49688,0,0,0,0,1680
1140,350,840,42775,6698,0,3971280,2520,0,0,49688,0,0,0,0,1680
1141,350,840,42775,6698,0,3971280,2520,0,0,49688,0,0,0,0,1680
1142,350,840,42775,6698,0,3971280,2520,0,0,49688,0,0,0,0,1680
1143,350,840,42775,6698,0,3971280,2520,0,0,49688,0,0,0,0,1680
1144,350,840,42775,6698,0,3971280,2520,0,0,49688,0,0,0,0,1680
1145,350,840,42775,6698,0,3971280,2520,0,0,49688,0,0,0,0,1680
1146,350,840,42775,6698,0,3971280,2520,0,0,49688,0,0,0,0,1680
1147,350,840,42775,6698,0,3971280,2520,0,0,49688,0,0,0,0,1680
1148,350,840,42775,6698,0,3971280,2520,0,0,49688,0,0,0,0,1680
1149,350,840,42775,6698,0,3971280,2520,0,0,49688,0,0,0,0,1680
1150,350,840,42775,6698,0,3971280,2520,0,0,49688,0,0,0,0,1680
1151,350,840,42775,6698,0,3971280,2520,0,0,49688,0,0,0,0,1680
1152,350,840,42775,6698,0,3971280,2520,0,0,49688,0,0,0,0,1680
1153,350,840,42775,6698,0,3971280,2520,0,0,49688,0,0,0,0,1680
1154,350,840,42775,6698,0,3971280,2520,0,0,49688,0,0,0,0,1680
1155,350,840,42775,6698,0,3971280,2520,0,0,49688,0,0,0,0,1680
1156,350,840,42775,6698,0,3971280,2520,0,0,49688,0,0,0,0,1680
1157,350,840,42775,6698,0,3971280,2520,0,0,49688,0,0,0,0,1680
1158,350,840,42775,6698,0,3971280,2520,0,0,49688,0,0,0,0,1680
1159,350,840,42775,6698,0,3971280,2520,0,0,49688,0,0,0,0,1680
1160,350,840,42775,6698,0,3971280,2520,0,0,49688,0,0,0,0,1680
1161,350,840,42775,6698,0,3971280,2520,0,0,49688,0,0,0,0,1680
1162,350,840,42775,6698,0,3971280,2520,0,0,49688,0,0,0,0,1680
1163,350,840,42775,6698,0,3971280,2520,0,0,49688,0,0,0,0,1680
1164,350,840,42775,6698,0,3971280,2520,0,0,49688,0,0,0,0,1680
1165,350,840,42775,6698,0,3971280,2520,0,0,49688,0,0,0,0,1680
1166,350,840,42775,6698,0,3971280,2520,0,0,49688,0,0,0,0,1680
1167,350,840,42775,6698,0,3971280,2520,0,0,49688,0,0,0,0,1680
1168,350,840,42775,6698,0,3971280,2520,0,0,49688,0,0,0,0,1680
1169,350,840,42775,6698,0,3971280,2520,0,0,49688,0,0,0,0,1680
1170,350,840,42775,6698,0,3971280,2520,0,0,49688,0,0,0,0,1680
1171,350,840,42775,6698,0,3971280,2520,0,0,49688,0,0,0,0,1680
1172,350,840,42775,6698,0,3971280,2520,0,0,49688,0,0,0,0,1680
1173,350,840,42775,6698,0,3971280,2520,0,0,49688,0,0,0,0,1680
1174,350,840,42775,6698,0,3971280,2520,0,0,49688,0,0,0,0,1680
1175,350,840,42775,6698,0,3971280,2520,0,0,49688,0,0,0,0,1680
1176,350,840,42775,6698,0,3971280,2520,0,0,49688,0,0,0,0,1680
1177,350,840,42775,6698,0,3971280,2520,0,0,49688,0,0,0,0,1680
